,word,content
0,믹스견 [Mix] - 장점만 취해서 튼튼하고 키우기 쉬운 하프견. 얼굴도 모양도 개성적,"[특징] 한쪽의 특성이 강하게 나타나는 경우와 양쪽의 특성이 반씩 나타나는 경우가 있다. '잡종강세'여서 부모가 가진 마이너스적인 면은 사라지고 몸이 튼튼해지는 경향이 있다. [성격] 두 견종의 성격이 믹스되기 때문에 부모의 성격을 반씩 물려받는다. 나타나는 특징 자체는 순종보다 약한 경향이 있다. [케어 방법] 부모와 같은 견종의 케어 또는 크기, 골격, 피모의 길이나 질 등 특징이 비슷한 견종을 찾아서 케어한다. 스킨십도 잊어서는 안 된다. [걸리기 쉬운 질병] • 부모 중 특징을 강하게 물려받은 것으로 보이는 견종이 잘 걸리는 질병에 특히 주의한다. 만약을 위해 다른 쪽 부모가 주의해야 할 질병도 확인해두자."
1,호흡을 괴로워한다,"운동이나 흥분을 해도 호흡은 흐트러지지만 호흡이 이상할 때에는 질병을 의심할 수 있다. 간혹 중대한 질병도 있다. [증례 차트 - 호흡을 괴로워한다] 증상 유추할 수 있는 질병 대처 • 호흡이상뿐만 아니라 쇼크 상태를 일으킨다. • 호흡이상뿐만 아니라 입술이나 혀가 보라색이나 하얗게 질려 있다. • 호흡이상뿐만 아니라 전율, 침, 구토 등의 증상을 동반한다. 긴급히 병원으로 • 호흡이 이상하게 빠르다. • 콧구멍이 실룩거린다. • 열사병 • 기흉 • 기관지염 • 종양 • 폐렴 • 폐수종 빨리 병원으로 입을 벌리고 뻐끔거린다. • 식도 내 이물 • 폐수종 • 기관지염 • 주저앉는다, 턱을 들고 숨쉰다. • 눕지 못한다. • 횡격막 헤르니아 • 폐수종 • 기흉 • 심근증 거위 울음처럼 뻐억뻐억 소리가 들린다. • 기관허탈 • 연구개 과장증 쌕쌕 소리가 난다. • 기관지염 • 폐렴"
2,중성화 수술 방법 - 일찌감치 해주면 스트레스를 받지 않는 아이로,"중성화 수술에 대한 의견은 다양하지만 수술에 따른 장점과 단점을 충분히 검토하고 주인도 반려견도 행복해질 수 있는 결론을 내리자. [중성화 수술의 장점과 단점] 구분 수컷 암컷 장점 • 성적 욕구가 없기 때문에 스트레스가 없다. • 성격이 온순해지고 훈련하기가 쉽다. • 전립선 질병, 정소나 항문 주변의 종양 등의 질병에 걸릴 확률이 줄어든다. • 마킹을 거의 하지 않게 된다. • 원하지 않는 임신을 피할 수 있다. • 자궁 관련 질병이나 유방암에 걸릴 확률이 줄어든다(자궁을 적출하면 자궁축농증에 걸리지 않는다). 단점 • 뒤늦게 번식시키고 싶어도 불가능하다. • 쉽게 비만이 되는 경향이 있다. • 행동이 다소 둔해진다. • 극히 드물게 호르몬 결핍증인 피부병에 걸리기도 한다(효과적인 치료법이 있으므로 문제없다). [행복을 고려하여 결론 내리자] 수술을 해서까지 피임을 시킬 필요성에 대해 반대 의견을 가진 사람도 있"
3,몰티즈 [Maltese] - '개들의 귀족'이라고 불리며 옛날부터 순수 애완견으로 사랑받았던 개,"[특징] 작업견이나 사냥개로 이용되던 역사가 없는 타고난 반려견. 순백에 실크 같은 광택이 있는 피모를 가졌으며 밑털이 없다. 새까맣고 동그란 눈도 특징이다. [성격] 지적이고 우아, 활발하고 밝고 쾌활한 반려견. 작은 몸에 어울리지 않게 용감하다. 사람의 마음을 민감하게 감지하고 어리광이 능숙한 면도 있다. [케어 방법] 목욕은 다른 견종보다 자주한다. 빗질은 매일 꼼꼼하게 한다. 눈, 입 주위는 항상 청결하게. 통기성이 좋지 않은 귀를 체크하는 것도 중요하다. [걸리기 쉬운 질병] • 유루증 • 슬개골 탈구 • 혈소판 감소증 • 승모판 폐쇄부전 • 동맥관 개존증 등"
4,켄넬코프,"개의 전염성 기관지염으로 소위 '개가 걸리는 감기'이며 기침이 특징이다. 켄넬코프란 '견사에서 유행하는 기침'이라는 뜻으로 개가 많이 모인 곳에서 발생한다. [증상] 마르고 심한 기침이 나온다. 기운이 없어지지도 않고 식욕도 정상일 때와 크게 다르지 않지만 증상이 진행되면 콧물이 나오거나 가래가 껴서 토하거나 미열이 나기도 한다. 통상 며칠 내로 가라앉지만 저항력이 약한 새끼나 노견은 악화되면 식욕이 없어지고 폐렴이 되거나 쇠약사하는 경우도 있으므로 가볍게 생각해서는 안 된다. [원인] 파라인플루엔자바이러스, 아데노바이러스 2형 등의 바이러스나 세균에 감염되어 발병한다. 병든 개와의 접촉이나 재채기나 기침을 통해서 감염된다. [치료와 간호] 바이러스에 효과적인 약이 없기 때문에 기침을 가라앉히기 위한 치료를 중심으로 항생물질 등을 투여한다. 가정에서는 보온이나 환기에 주의를 기울이고, 폐렴으로 전이되지 않도록 주의하고 컨디션이 좋지 않을 때에는 개가 모여..."
5,출산의 흐름과 간호 방법,"1. 손을 씻은 후 신생아를 감싸는 양막을 손가락으로 터뜨려 새끼를 꺼낸다. 2. 새끼의 배에서 2cm 정도 되는 곳의 탯줄을 실로 묶고 그 끝을 가위로 잘라낸다. 3. 새끼가 호흡을 하는지 확인하고, 확인이 되면 대야에 38℃ 정도의 따뜻한 물을 받아 몸의 지저분한 것을 닦아낸다. 4. 몸의 물기를 수건으로 닦고 어미젖을 먹게 한다. 초유에는 다양한 질병에 대한 면역항체가 들어 있기 때문에 모유를 먹지 못한 아이가 없는지 반드시 체크한다. [임신의 징후와 출산 준비] 개의 임신기간은 60일 전후로 이 기간을 전기·중기·후기로 나누어 관리하는 것이 일반적이다(임신 중 몸의 변화나 주의사항 참조). 임신 징후는 교배 후 1개월이 지날 무렵부터 나타난다. 교배 후 3주째에 식욕감퇴나 구토 등의 입덧 증상이 나타나는 경우도 있지만 반드시 나타나는 것도 아니고 기간도 짧기 때문에 눈치채지 못하는 경우도 많다. 임신 후기에는 배가 부풀어 오르는 것이 두드러지고 유선이 팽팽해지거나"
6,토이 푸들 [Toy Poodle] - 봉제인형처럼 귀여운 외모와 영리함 때문에 인기,"[특징] 이 밖에도 미니어처, 미디엄, 스탠더드가 있다. 피모는 웨이브가 진 부드러운 감촉이며 컬러도 다양하다. 늘어진 귀와 짧은 꼬리가 특징. 몸은 늘씬하지만 근육질이다. [성격] 원래는 트뤼프(프랑스 특산 송로버섯) 채취에 쓰이던 엽견이다. 두뇌와 기억력이 좋아서 훈련시키기 쉽다. 털빠짐이나 냄새, 헛울음이 적어서 반려견으로 인기가 높다. [케어 방법] 피모가 엉키지 않도록 매일 빗질을 해준다. 눈물 때문에 눈 주변의 털이 변색되는 눈물독이 생기지 않도록 케어하고 귀도 빼먹지 말고 체크한다. 충분한 운동이 필요하다. [걸리기 쉬운 질병] • 혈소판 감소증 • 출혈성 위장염 • 유루증 • 외이염 • 레그 페르테스병"
7,항문낭염,"항문낭은 항문의 양쪽, 시계 문자판으로 표현하면 4시와 8시 위치에 있는 2개의 작은 주머니로, 족제비나 스컹크 등은 위험을 느끼면 이 항문낭(취낭)에서 이상한 냄새가 나는 액체를 분비해서 적을 격퇴한다. 개나 고양이는 변에 고유의 냄새를 묻히는 마킹을 하는데, 현재는 알람 마킹(공포 시 경보)이나 개들 사이에서 '냄새 커뮤니케이션'에 도움이 되는 것으로 보고 있다. 항문낭염은 이 주머니가 세균에 감염되어 분비액이 잘 배출되지 않고 쌓여서 곪는 질병으로, 개에게는 자주 발생한다. [증상] 항문부위를 바닥에 끌거나 핥는다. 심하면 염증 때문에 항문낭이 붓고, 배변 시 통증 때문에 비명을 지르기도 한다. [원인] 세균감염에 의해 항문낭이 염증을 일으킨다. 파열되어 분비물과 함께 고름이나 피가 나오는 경우도 있다. [치료와 예방] 항문낭에서 쌓여 있는 분비물을 손으로 짜낸다. 곪은 경우에는 항생물질을 투여한다. 분비물을 축적하는 속도(일수)는 개체 차이가 있다. 분비물이 잘 쌓"
8,토한다,"사람에 비해 개는 토하는 일이 잦고 건강에 문제가 없는 경우도 있지만, 토한 내용물이나 상태를 잘 보고 판단해야 한다. [증례 차트 - 토한다] 증상 유추할 수 있는 질병 대처 반복적으로 토한다. 암컷의 배가 부어 있고, 음부에서 고름이 나오는 등의 증상을 동반한다. • 자궁축농증 긴급히 병원으로 • 설사나 혈변을 동반한다. • 하루에 몇 차례씩 토한다. • 파보바이러스 감염증 • 렙토스피라 감염증 • 급성 위염 • 만성 위염 • 췌염 • 출혈성 위장염 • 장폐색 • 급성 간염 • 급성 신부전 • 요독증 • 중독 식후에 토한다. • 토한 내용물이 노랗다. • 토한 내용물에 피가 섞여 있다. 식사 직후에 심하게 자주 토한다. • 거대 식도증 • 식도 내 이물 빨리 병원으로 토하려는 기색이 있고, 입을 핥거나 침을 흘린다. • 식도나 위의 운동저하, 십이지장의 운동항진(아래의 해설 참조) • 급"
9,"웰시 코기 펨브룩 [Welsh Corgi Pembroke] - 다부진 몸에 언밸런스한 짧은 다리, 뒷모습도 귀여운 동장견","[특징] 웰시 코기에는 꼬리털이 긴 가디건과 꼬리털이 짧은 펨브룩이 있는데, 모습은 비슷하지만 다른 견종으로 분류된다. 동장단족, 튼튼한 골격이 특징. [성격] 원래 목축견으로 주인의 일을 도왔기 때문에 복종적이면서도 사교적이다. 소나 양을 무리로 돌아가게 하는 역할이었기 때문인지 용감하면서도 영역 의식이 강하다. 훈련시키기는 쉽다. [케어 방법] 무는 버릇이 있으므로 일찌감치 훈련을 시키도록 한다. 털갈이 시기에 털이 수북이 빠지므로 빗질로 꼼꼼하게 제거한다. 허리에 부담을 적게 주도록 신경 쓴다. [걸리기 쉬운 질병] • 추간판 헤르니아 • 백내장 • 슬개골 탈구 • 요로결석증 등"
10,시바견 [Shiba] - 해외의 애견인들에게도 사랑받고 있는 일본 출신의 소박한 개,[특징] 옛날 일본에서는 지방마다 특징이 다른 개가 있었는데 산지의 다른 견종끼리 교배해서 태어난 것이 현재의 시바견의 루트라고 한다. 근육질로 골격이 굵은 몸. [성격] 주인에게 충성스럽고 복종심이 있기 때문에 훈련이 쉽다. 대담하고 행동력이 있지만 냉정한 판단력이 있다. 헛울음이 적고 관리하기가 쉽다. [케어 방법] 주인에게만 복종하는 면이 있기 때문에 일찍부터 다른 개나 사람에게 익숙해지게 한다. 몸은 튼튼하지만 상당한 운동량이 필요하다. [걸리기 쉬운 질병] • 아토피성 피부염 • 슬개골 탈구 • 녹내장 • 갑상선 기능저하증 • 심실 중격 결손증 등
11,꼭 알아야 할 주요 응급처치,"[골절·탈구] 골절이나 탈구 처치에서는 '고정'이 중요하다. 부러진 곳이나 어긋난 관절을 원래대로 되돌리려고 하지 말고 그 상태로 고정한다. 환부를 부딪쳐 2차 부상이 일어나지 않도록 보호하는 것이 목적이라고 생각하면 된다. 또한 꼬리뼈의 고정은 어려운 기술을 요하므로 그대로 병원으로 데려간다. 필요에 따라 물리지 않도록 재갈을 물리고, 출혈이 있으면 지혈을 한 후에 고정한다. [타박] 어딘가에 부딪치거나 맞아서 아픈 경우 개는 '깨갱!' 하고 하이톤의 큰 소리를 낸다. 이것도 하나의 판단근거이다. 부딪친 곳을 신경 쓰고 감싸려고 한다면 타박상일 가능성이 있다. 신경 써야 할 부분은 두부의 타박상이다. 걷는 모습이 이상하다고 느껴지거나 움직이려고 하지 않는 경우에는 중상일 수도 있으므로 가능한 움직이지 않도록 신경 쓰며 빨리 병원으로 데려간다. [찰과상·절상·자상·교상] 찰과상이나 절상 등의 상처로 걱정되는 부분은 상처를 통한 세균 감염이다. 출혈을 동반하는 경우에는..."
12,바베시아증,혈액 속에 기생하는 바베시아라는 원충에 감염되어 일어나는 중증의 빈혈이 특징인 질병이다. 바베시아는 참진드기를 매개로 한다. [증상] 감염에 의해 적혈구가 파괴되고 빈혈이 심해진다. 발열해서 입술 점막이 새파래지고 소변은 갈색이 된다. 간혹 점막이나 피부가 노랗게 되는 황달이 일어나기도 한다. [원인] 참진드기의 흡혈 과정에서 바베시아 원충이 체내로 들어와 적혈구를 감염시키고 파괴하여 발병한다. [치료와 간호] 빈혈이나 황달의 치료 외에 항원충제를 투여한다. 재발이 많은 질병이므로 완치시키는 것이 중요하다. 참진드기가 기생하지 않도록 정기적으로 살충제를 주변에 살포하는 것이 예방대책이다. 바베시아증
13,설사를 한다,"급성으로 심한 설사 증상이 나타나면 급속하게 악화되어 사망에 이르는 경우도 적지 않다. 변의 변화에는 민감해지자. [증례 차트 - 설사를 한다] 증상 유추할 수 있는 질병 대처 심한 설사를 반복한다. • 혈변이 나온다. • 구토를 동반한다. • 급격하게 마른다. • 배를 아파한다. • 파보바이러스 감염증 • 코로나바이러스 감염증 • 홍역 • 출혈성 위장염 • 췌염 • 대장염 • 소화관 내 기생충(회충증, 편충증, 콕시듐증 등) • 중독 긴급히 병원으로 설사나 무른 변이 만성적으로 계속된다. • 일부에 피가 섞여 있다. • 마른다. • 변에 벌레가 있다. • 대장염 • 췌염 • 췌외분비부전 • 소화기 종양 • 소화관 내 기생충(조충증, 편모충증 등) • 장폐색 빨리 병원으로 1~2회 설사를 했다. 건강하고 식욕도 있다. • 식단의 변화 • 과식 • 기름진 식단 문제점을 개선하고 상태를 지켜본다. •"
14,외이염,"외이도에 염증이 생기는 흔한 질환이다. 귀가 늘어져 있는 개는 통풍이 잘 안 되기 때문에 더 걸리기 쉽다는 것이 통설이지만, 외이도에 털이 많이 나 있는 개가 더 잘 걸리고 체질적으로 귀지가 많이 쌓이는 견종도 있는 것 같다. [증상] 가려움 때문에 뒷발로 귀를 긁거나 귀를 땅에 비벼댄다. 가려움이 더욱 심해지거나 통증이 생기면 자주 머리를 흔들거나 고개를 기울인 채로 있다. 항상 귀지가 쌓인 상태이고 외이도에서 지저분한 악취가 나게 된다. 악화되면 중이염, 내이염으로 진행되고, 또 안면마비 등의 신경증상을 일으키기도 한다. [원인] 외이도의 귀지에 세균이나 곰팡이 등이 번식해서 염증이 생기는 것이 일반적인데, 풀이나 곤충, 샴푸 등이 귀로 들어가거나 아토피 등의 알레르기도 원인이 된다. 귀옴벌레라는 미세한 진드기나 마라세티아라는 효모균이 원인인 경우도 있다. 화농균이 항생제로 퇴치된 후에 균교대증이 나타나 효모균이 증식하기도 한다. [치료와 예방] 원인을 밝혀내고..."
15,포메라니안 [Pomeranian] - 조상은 아이슬란드의 썰매 개. 의외로 승부욕이 강한 것도 귀엽다,"[특징] 소형이고 동체가 짧으며 말린 꼬리가 등에 올라타듯 뻗어 있다. 피모는 부드럽고 풍성하다. 몸은 단단하지만 골격이 가늘며, 특히 사지가 가냘프다. [성격] 대형 견종을 소형화하는 과정에서 신경질적인 면이 나타난다고 하는데, 포메라니안도 신경질적이고 호전적이다. 가족 외에는 쉽게 길들여지지 않고, 큰 상대에게도 잘 짖는다. [케어 방법] 신경질적인 면이 나타나면 다루기 힘들어지므로 훈련을 철저히 한다. 빗질은 매일 꼼꼼하게. 비만예방, 여름의 더위 대책을 확실하게 한다. 신경질적이 되지 않도록 산책은 매일 시킨다. [걸리기 쉬운 질병] • 동맥관 개존증 • 승모판 폐쇄부전 • 기관허탈 • 정유정소 • 슬개골 탈구 등"
16,요독증,"신장의 기능이 저하되어 요소, 질소 등의 노폐물이 소변으로 배출되지 못하면 체내에 쌓여서 결국 요독증을 일으킨다. 다른 장기에도 심각한 영향을 미치고, 말기에는 경련이나 혼수상태 등의 신경증상을 일으킨다. [증상] 기운, 식욕이 없어지고 구토나 설사, 빈혈 등을 일으킨다. 암모니아 냄새가 섞인 구취가 나는 경우도 있다. 체중 감소와 함께 모질이 나빠지고 빈혈, 부정맥, 경련, 혼수상태 등 다양한 증상이 나타난다. [원인] 신부전증이 진행되면서 체내에 독소가 축적되어 일어난다. [치료와 간호] 수액을 맞히는 동시에 약물요법, 식사요법을 병행한다."
17,피를 토한다,"소화기에 이상이 있는 경우에는 검붉은 피가, 호흡기계에 이상이 있는 경우에는 기침과 함께 진한 붉은 피가 나온다. [증례 차트 - 피를 토한다] 증상 유추할 수 있는 질병 대처 • 출혈량이 많고, 반복적으로 토한다. • 호흡곤란이 오고, 의식을 잃는다. 긴급히 병원으로 검붉은 피를 토한다. • 급성 위염 • 만성 위염 • 혈소판 감소증 • 종양 빨리 병원으로 기침과 함께 진한 붉은 피를 토한다, 피에 작은 거품이 섞여 있다. • 폐렴 • 기관지염 • 폐수종 • 인두염 • 심장사상충증 • 혈소판 감소증 입안이나 코에서 출혈 • 비염 • 종양 • 부비강염 • 치주 질환 • 관찰 포인트 출혈이 많거나 호흡곤란을 동반하는 등 증상이 심각하다면 생명에 관련된 경우가 많으므로 시급히 병원으로 데려간다. 검붉은 피를 토해내는 '토혈'과 기침과 함께 토하는 '객혈'이 있는데, 양쪽 다 증상이 악화되기 전에 조기"
18,식사의 기본 - 건강한 신체는 바른 식사에서부터,"질병이 없는 건강한 몸을 유지하기 위해서는 매일 섭취하는 식사가 매우 중요하다. 식사에 관한 기본 팁을 배워보자. [특징을 알고 목적에 맞게] 반려견의 식사가 도그푸드만으로는 맛이 없다고 생각할지도 모른다. 하지만 개에게 필요한 영양을 수제로 만들어 급여하는 것은 매우 힘든 일이다. 필요한 영양소가 정확히 계산되어 있는 도그푸드는 개에게 이상적인 식단이라고 할 수 있다. 푸드를 선택할 때에는 반려견의 성장, 몸 상태, 기호에 맞게 선택하는 것이 중요하다. 급여량은 포장지의 표시에 따르도록 한다. [음식의 종류와 특징] • 드라이 타입 수분함유량 10% 이하. 영양밸런스가 좋고 씹는 식감이 있어 이빨 건강 유지에도 더 좋다. 반드시 깨끗한 물과 함께 급여하도록 한다. • 세미모이스춰 타입 수분함유량 25~35%인 반 생 타입. 영양가는 드라이 타입보다 낮지만 개의 기호성은 높은 편. 개봉 후 1개월 정도까지 사용한다. • 웨이트 타입 수분함유량 70% 이상. 고기, 생선,"
19,폐수종,"폐렴이 진행되거나 심장질환 등에 의해 폐에 물이 많이 고여 산소교환이 불가능해지는 질병이다. 방치하면 호흡이 곤란해져 생명을 잃을 수 있다. 대부분의 경우 다른 질환과 병발해서 일어난다. [증상] 증상이 가벼울 때에는 이따금 기침이 나오는 정도지만 심해지면 밤새 멈추지 않기도 한다. 초기에는 물과 같은 콧물이 나오고 악화되면 피가 섞여 나오기도 한다. 호흡이 괴롭기 때문에 혀나 잇몸이 보라색이 되는 청색증이 나타나거나 목의 정맥에 튀어나와 보이기도 한다. 선 채로 있거나 계속 앉은 자세로 있고 눕기를 싫어한다면 심각한 증상이다. [원인] 폐렴이나 심장질환 등이 원인이다. 세균 감염이나 극도의 스트레스, 급격한 운동 등으로 발병하기도 한다. [치료와 간호] 호흡을 도와주는 산소흡입이나 폐에 고인 물기를 제거하기 위한 이뇨제 등을 투여한다. 염증이나 심장에 대한 약을 처방하기도 한다. 가정에서는 운동을 제한하고 안정을 유지시킨다. 식사는 염분과 나트륨을 삼간다."
20,임신 중 몸의 변화나 주의사항,"구분 모체의 변화 주의사항 임신 전기 (1~3주) 교배에서 3주째 전후로 구토, 식욕저하 등의 입덧 증상이 나타나는 경우가 있다. 2~3일이 지나도 회복될 기미가 보이지 않는 경우에는 수의사에게 상담한다. • 식사는 평소 먹던 양으로, 단백질을 많이 급여한다. • 수정란이 자궁에 착상되기 전의 불안정한 시기이므로 입욕이나 무리한 운동(단 산책은 평소대로)은 삼간다. 임신 중기 (4~6주) 교배한 지 1개월 정도 지나면 조금씩 배가 당기고 체중이 증가한다. 동작이 느려지고 성격에 변화가 나타기도 한다. 소변 횟수가 늘거나 변비가 생기기도 한다. • 안정기에 들어서는 임신 5주째 정도에 목욕을 시킨다. • 6주째 정도부터 고칼로리의 임신용 푸드로 바꿔주는 것이 좋다. • 칼슘은 많이(새끼의 골격 형성과 모견의 건강 유지를 위해서). • 운동은 적당히. 임신 후기 (7~9주) 배가 꽤 부풀어 오르고"
21,급성 신부전,"소변을 만드는 신장의 75% 이상의 기능이 제 역할을 하지 못하게 된 상태를 신부전증이라고 하며, 급성 신부전증은 몇 시간에서 며칠 정도의 단시간 내에 기능이 급격히 저하되어 체내의 독소를 배설하지 못하게 된다. 이 상태를 요독증이라고 하는데, 다른 기관에도 장애가 전이되어 사망에 이르는 위험한 질병이다. [증상] 갑자기 기운이나 식욕이 완전히 사라진다. 이렇게 되기 전까지 다음, 다뇨 등의 증상을 보이다가 소변양이 적어지고, 어느 순간 전혀 나오지 않게 된다. 구토, 설사 등의 증상이 나타나고, 입이 바싹 마를 정도로 심한 탈수증상을 보이기도 한다. 체내에 독소가 쌓이면 요독증을 일으키고 경련 등의 신경증상이 나타난다. 사망률이 높고 만성 신부전으로 차츰 전이된다. [원인] 급성 신부전은 원인이 어디에 있는지에 따라서 신전성, 신성, 신후성으로 나눌 수 있다. 신전성은 심장의 질병 등이 원인이 되어 신장으로 가는 혈액의 양이 줄어들어 발병한다. 신성은 신장 자체에 장애가"
22,고관절 형성부전,"허리와 대퇴골을 연결하는 고관절이 변형되기 때문에 걷는 모습이 이상해지고 점점 관절의 움직임이 제한된다. 셰퍼드나 세인트 버나드, 골든 리트리버 등 대형견에게서 많이 발병한다. 성장기에 체중이 급격하게 증가하기 때문으로 보인다. 고관절 형성부전 [증상] 생후 6개월 무렵부터 좌우 양쪽 다리를 모아서 달린다, 허리가 후들거린다, 앉는 자세를 취하지 못한다 등의 증상이 나타난다. 증상이 점점 악화되어 다리를 질질 끌거나 뒷다리가 서지 못하게 되고 계단을 오르내리지 못한다, 운동을 싫어한다 등의 다양한 장애가 나타난다. [원인] 유전적 요소가 크다는 특징이 있다. 고관절의 뼈가 충분히 발달하지 못하고 관절의 모양이 나쁘며 부드럽게 움직이지 않는 것으로 인해 일어난다. 성장기에 살이 너무 찌거나 근력이 부족한 경우에 증상이 악화된다. [치료와 간호] 운동을 제한하고 체중을 관리하면서 항염증약이나 진통제 등을 투여하여 염증을 완화시킨다. 뼈를 절제하고 관절 형성 수술을..."
23,반려견의 스킨케어 - 청결하게 하는 것도 질병 예방,"사람과 마찬가지로 청결한 상태를 유지하는 것은 개에게도 매우 중요하다. 부지런히 손질하다 보면 변화나 이상을 일찌감치 알아차릴 수 있어 질병의 조기발견으로 이어진다. [이갈이 시기에도 주의] 이빨 사이에 음식찌꺼기가 남아 있으면 치석이나 구취의 원인이 된다. 이것을 방치하면 잇몸염증을 일으키고 심해지면 치주염이 된다. 예방을 위해서는 평소 부드러운 것만 주지 말고 편식하지 않도록 신경 써야 한다. 잘 떨어지지 않는 치석은 동물병원에서 제거한다. 또 유치에서 영구치로 이갈이를 하는 시기에는 신중하게 관찰한다. 소형견은 생후 6개월까지 빠져야 할 유치가 빠지지 않아 영구치가 나란히 나는 경우가 많은데(유치잔존), 이로 인해 부정교합이나 잇몸염증이 되기 쉽다. 이상을 발견하면 동물병원에서 발치 등의 처치를 받는다. [이빨 손질] 체크 포인트 음식찌꺼기, 치태, 치석이 끼지 않았는지 체크. 아래위의 어금니에는 치석이 끼기 쉬우므로 특히 신경 쓴다. 구취가 나지..."
24,"경련을 한다, 의식을 잃는다","경련을 하거나 의식을 잃는 질병은 많지 않은 대신 긴급을 요하는 경우가 많기 때문에 주의가 필요하다. [증례 차트 - 경련을 한다, 의식을 잃는다] 증상 유추할 수 있는 질병 대처 전신에 경련을 일으킨다. 수유 중인 어미개가 경련을 한다. • 저칼슘혈증 (관찰 포인트 부분 참조) 긴급히 병원으로 • 경련이 몇분 이상 장기화된다. • 뭔가를 먹은 후 경련을 일으킨다. • 간질 • 중독 • 종양 • 신부전 • 광견병 • 홍역 발작은 짧은 시간에 잦아들었다. 빨리 병원으로 부분적으로 경련을 일으킨다. • 간질 • 홍역의 후유증 의식을 잃는다. 실신이 몇 분 이상 지속된다. • 동맥관 개존증 • 심실 중격 결손증 • 폐동맥 협착증 • 심장사상충증 • 승모판 폐쇄부전 • 심근증 • 부정맥 긴급히 병원으로 바로 의식을 되찾았지만 기운이 없다. 빨리 병원으로 바로 의식을 되찾고 평소"
25,기침을 한다,"개의 기침에는 쿨럭거리는 마른기침과 쌕쌕거리는 습한 기침이 있다. 간혹 심장질병이 원인인 경우도 있다. [증례 차트 - 기침을 한다] 증상 유추할 수 있는 질병 대처 호흡곤란을 동반한다. • 폐렴 • 폐수종 • 기관지염 긴급히 병원으로 새끼에게 열이나 재채기, 눈곱 등이 나온다. • 홍역 • 기침 횟수가 많고 장기화된다. • 열이 있다. • 켄넬코프 • 기관지염 • 심장사상충증 • 기관허탈 • 폐렴 • 심근증 • 승모판 폐쇄부전 빨리 병원으로 기침은 일시적이고, 건강하고 식욕이 있다. 상태를 지켜본다. • 관찰 포인트 목이나 기관, 기관지, 폐 등 공기가 통하는 기도가 자극을 받으면 기침이 나온다. 흥분했을 때만 나오는 일시적인 기침이라면 크게 걱정할 필요는 없지만 기침 횟수가 많아지거나 장기화되는 것 같다면 치료를 받아야 한다. 방치하면 기침 때문에 기도의 염증이 더 악화되는 악순환이 일어난다"
26,파보바이러스 감염증,"발병하면 심한 설사나 구토를 하고 1~2일 사이에 사망하는 경우가 많은 치명적인 감염증이다. 이 바이러스는 병에 걸린 개의 토사물이나 배설물 등에 잠복해 6개월 이상 장기간 생존하며 소량으로도 감염된다. 이 질병과 홍역, 전염성 간염은 반드시 예방해야 하는 바이러스성 질병이다. [증상] 2~5일 정도 잠복했다가 심하게 구토, 설사를 한다. 증상이 심해지면 토마토케첩 같은 출혈을 동반한 점액 상태의 변을 본다. 구토와 설사 때문에 탈수증상을 일으키고 쇠약해지며 자견들은 쇼크사하기도 한다. 백혈구가 감소하는 것이 특징이고 소화기 증상을 일으키는 타입 외에 심근염형이라는 증상도 있다. 생후 몇 개월의 유견에게 발병하며 급성 심부전으로 돌연사하는 경우가 있다. [원인] 원인인 바이러스는 개파보바이러스이다. 감염된 개의 변이나 구토물, 오염된 식기나 의류 등에 개가 입이나 코를 대면서 감염된다. 감염된 개를 만진 사람의 손을 통해 옮는 경우도 있다. 체내에 들어간 바이러스는..."
27,노화의 신호와 대처 방법,"[피모의 윤기·색깔 변화] • 털의 윤기가 나빠진다. • 털이 빠진다, 옅어진다. • 흰털, 누런빛이 난다. 빗질로 혈행을 촉진 노화에 의해 피모가 빠지는 것은 자연스러운 일이다. 부드럽게 빗질을 해서 혈행을 촉진한다. 질병에 의한 경우도 있으니 이상하다고 판단되면 수의사에게 상담한다. [피부의 변화] • 탄력이 없어진다. • 패드가 팍팍해진다. • 나른해진다. 멍울이 없는지 확인 피부에 탄력이 없어지고 단단하게 조이던 근육이 사라지는 것도 자연스러운 일이다. 주의할 점은 멍울의 유무이다. 피부암 등의 가능성이 있으므로 멍울을 발견하면 일찌감치 병원으로. [움직임의 변화] • 천천히 걷는다. • 다리를 감싸듯이 걷는다. • 계단을 싫어한다. • 잠만 자고 움직이려 하지 않는다. 관절이나 뼈의 질병일 가능성도 근육이나 뼈, 관절 등이 쇠약해지고 움직이는 것이 귀찮아지는 것은 어쩔 수 없는 일이다. 단 관절이나 뼈의 이상으로 인한 통증 때문에 가만히 있는 경우도 생각해볼 수"
28,광견병,"광견병은 인간을 비롯한 모든 포유류에게 감염되고 사망률이 100% 가까운 무시무시한 질병이다. 일본에서는 1957년 이후 발생하지 않고 있지만 우리나라나 중국에서는 아직도 나타나고 있고 세계적으로도 여러 건의 발생이 보고되며 많은 희생자가 나오고 있다. 엄중한 검역체제를 취하고 있지만 최근에는 해외에서 들여오는 동물이 증가하고 있기 때문에 방심은 금물이다. [증상] 잠복해 있다가 발병하기까지는 약 1주일에서 1년 정도로 기간이 다양하다. 이 질병에 감염되면 중추신경에 이상이 생겨 이상하게 짖거나 침을 흘리면서 배회하는 등의 수상쩍은 행동을 하며 흉포해지고, 점점 근육이 마비되면서 움직이지 못하게 되다가 사망에 이르게 된다. 또 감염되자마자 마비상태가 되어 며칠 만에 사망하는 마비형도 있다. [원인] 광견병에 걸린 개에게 물리면 타액 속에 섞여 있는 광견병 바이러스가 체내에 침입한다. 바이러스는 신경에서부터 척추나 뇌에 도달해서 신경증상을 일으킨다...."
29,노령견 케어 10가지 수칙,① 단차를 없앤다 다리가 약한 고령견에게는 작은 단차도 부담이 된다. 오르내리기 쉬운 단차를 만들어준다. ② 미끄럼 방지를 마룻바닥은 미끄러지기 쉬워서 다리와 허리에 가해지는 부담이 크므로 카펫을 깔아서 미끄러지지 않도록 배려한다. ③ 하우스는 실내에 감염에 대한 기능이 저하되어 컨디션이 무너지기 쉬우므로 노화가 보인다면 실내에서 키우는 것이 좋다. ④ 잠자리는 쿠션이 좋은 것으로 매트나 타월 등으로 두툼하게 만들어 몸이 아프지 않도록 해준다. 잠만 자는 개의 경우 화장실시트를 사이에 깔아준다. ⑤ 산책을 싫어한다면 억지로 시키지 않는다 관절에 통증이 있어서 움직이기 싫어하는 것일 수도 있다. 싫어하게 되었다면 억지로 끌고 나가지 않는다. ⑥ 바닥의 장애물을 줄인다 시력이 저하되면 소리와 감각에 의지하며 걷게 된다. 부딪치거나 부상의 원인이 되는 것을 치운다. ⑦ 자주 말을 걸어준다 감각기능의 저하는 불안을 야기한다. 주인의 존재를 알려주고 다정하게...
30,피부 종양,"피부나 피하에 생기는 종양은 유선 종양 다음으로 발생률이 높은 종양이다. 양성에는 선종, 지방종, 상피종이 있고, 악성에는 편평상피암, 선암, 비만세포종 등 다양한 타입이 있다. 피부종양의 경우 체표에 멍울이 나타나는 경우가 많기 때문에 발견하기 쉽지만 양성인지 악성인지를 주인이 스스로 판단하기는 곤란하므로 발견 즉시 진료를 받도록 한다. [증상] 피부나 피하에 멍울이 느껴진다. 종양이 커지거나 수가 많아지는 경우에는 내장으로 전이될 위험성이 증대한다. 궤양이나 외상과 구별하기 어려운 경우도 많으므로 주의가 필요하다. 악성 편평상피암은 털이 빠지고 궤양이 되거나 부스럼이나 피부병 또는 상처처럼 보인다. 두부나 복부, 회음부에 잘 발생한다. 선암은 귀나 항문에 잘 발생한다. 단기간에 커지거나 림프관이나 혈관을 통해 전이되기도 쉬운 암이다. 비만세포종 또한 전이되기 쉬운 악성암으로, 하반신에 많이 발생하고 나이를 먹을수록 발생 빈도가 높아진다. 종양이 생긴..."
31,눈이 이상하다,"눈병은 가려움이나 통증만 동반하는 것이 아니라 심한 경우 시력에도 영향을 미친다. 뇌나 신경질환이 눈에 발현되는 경우도 있다. [증례 차트 - 눈이 이상하다] 증상 유추할 수 있는 질병 대처 • 눈의 이상 외에도 경련발작 등의 증상이 있다. • 안구가 끊임없이 떨린다. • 동공이 열린 상태이다, 좌우대칭이 맞지 않는다. • 녹내장 • 전정장애 • 뇌나 신경장애 긴급히 병원으로 • 눈을 심하게 아파한다(자주 깜빡인다, 눈을 가늘게 뜬다). • 눈이 보이지 않는다. • 백내장 • 포도막염 • 녹내장 • 눈의 상처, 이물질 • 각막염 • 망막박리 눈이 앞으로 튀어나와 있다. • 녹내장 • 안구 탈출 렌즈가 하얗고 뿌옇다. • 백내장 • 당뇨병 빨리 병원으로 • 끈적거리는 눈곱이 다량으로 나온다. • 눈이 빨개진다. • 눈물이 많이 나온다. • 눈을 가려워하거나 통증이 있다. • 결막염 • 포도막염 •"
32,미리 익혀두어야 할 기본기술,"[보정] 개가 버둥거려 처치하기 어려운 경우에는 보정이 필요하다. 병원에서 진찰을 받을 때에도 사용할 수 있으므로 배워두자. [부상견을 운반하는 방법] 목욕수건이나 이불 등으로 삼각건을 만들어 개를 들어 올리는 방법, 이불이나 판자, 다리미판 등을 들것 대신으로 삼고 끈으로 개를 고정(판자의 경우)하는 방법 등이 있다. 판자에 실을 때에는 개를 들어 올리지 말고 미끄러뜨려 옮긴다. [지혈 방법] 작은 상처이며 출혈이 적다면 자연스럽게 멎지만, 출혈량이 많고 내버려두면 멎지 않는 경우에는 지혈 처치를 해준다. [인공호흡과 심장 마사지] • 인공호흡 1. 개를 옆으로 눕히고 심장이 뛰는지 확인한다. 2. 입안을 깨끗이 하고 혀를 빼내어 공기가 기도로 들어가기 쉽게 한다. 3. 개의 목을 내밀어 일자가 되게 하고 손을 둥글게 말아서 입을 틀어막은 상태로 코끝을 잡고 콧구멍에 크게 숨을 불어넣는다(개의 가슴이 부풀어 오르는지 확인하면서). 4. 개에게서 입을 떼어 폐에서 자연스럽"
33,심장사상충증,"대표적인 심장 질병으로 심장사상충(개사상충)이라는 기생충이 심장이나 폐동맥에 기생해서 발생한다. 증상이 심해지면 호흡곤란을 일으키고 다른 장기에도 이상을 초래하는 중대한 질병인데, 중·대형견에서는 기생 수가 적으면 무증상으로 넘어가기도 한다. 모기가 옮기는 이 질병의 발병률은 현재 예방이나 환경 정비로 감소하기는 했지만 여전히 밖에서 사는 개의 사인 중 대다수를 차지하고 있다. [증상] 심장사상충은 몸길이가 20~30cm 정도 되는 기생충으로, 심장과 그 주변의 굵은 혈관 속에 기생한다. 가벼운 기침으로 시작해서 질병이 진행되면 기침이 만성화되고 천식처럼 심해진다. 기침을 하면서 자극으로 복수가 차서 빵빵하게 부어오르기도 하며 호흡곤란이나 식욕부진, 운동을 싫어하는 등의 증상을 보이게 된다. 또 급성 심장사상충증으로 갑자기 심하게 호흡곤란이 오고 커피색 소변이 배출되기도 하고 심부전으로 생명을 잃기도 한다. [원인] 모기가 감염된 개의 피를 빨아들일 때..."
34,폐렴,"폐 조직에 염증이 일어나는 것이 폐렴이다. 기관지염이나 인두염이 병발해 있는 경우도 많고, 심한 발열이나 호흡곤란으로 쓰러지거나, 간혹 사망에 이르기도 하는 중대한 질병이다. [증상] 기침이 나오는 일이 많고 하악거리는 괴로운 숨소리를 내기도 한다. 가슴에 귀를 대면 힘들게 쌔액쌔액거리는 건조한 소리가 들리기도 한다. 증상이 심해지면 고열이 나고 호흡이 얕고 빠르게 진행되어 호흡곤란까지 온다. 특히 새끼 등은 순식간에 악화되는 경우가 있으므로 주의해야 한다. [원인] 바이러스나 세균, 진균 또는 기생충 등의 감염에 의해 발생하는 경우가 있다 또 알레르기가 원인이 되거나 드물게는 자극성 가스나 약품을 삼켜서 일어나기도 한다. [치료와 간호] 항생물질 외에 진핵제, 거담제, 소염제 등을 투여한다. 중증인 경우에는 산소흡입이 필요하다. 가정에서는 안정을 유지시키고, 공기의 환기나 온도에 신경 쓴다."
35,거대 식도증,"음식물을 위로 보내는 기관인 식도에 이상증상이 번지면서 음식물이 정체해 위로 넘어가지 못하고 토해내는 질병이다. 선천적인 경우와 후천적인 경우가 있다. [증상] 음식물이나 물이 식도가 확장된 부분에 정체되어 위로 들어가지 않기 때문에 식후 몇 분에서 몇 시간 사이에 토하게 된다. 빈도는 다양하지만 일반적인 구토와 다르게 토할 때 반사적으로 음식물이 튀어나가는 토출이라는 구토증상이다. 음식물의 일부가 폐로 들어가 폐렴을 일으키는 경우도 종종 있다. 호흡곤란이나 발열을 동반하는 경우가 있고 점점 여위어간다. [원인] 유전적인 경우도 많지만 식도의 근육을 움직이는 신경이 다쳐서 발생하기도 한다. 또 식도협착, 중증 근무력증, 전신성 홍반성 낭창 등 다른 질병에 감염되어 일어나는 경우도 있다. [치료와 간호] 원인인 질병이 있는 경우에는 그것부터 치료한다. 완치가 어렵기 때문에 식사를 주는 방법에 대해 연구해서 토하는 것을 방지하도록 한다. 개를 세운 상태에서 개보다..."
36,침을 많이 흘린다,"개는 침을 뚝뚝 잘 흘리지만, 양이 너무 많은 경우에는 질병일 가능성도 있다. 구강 내 질병뿐만 아니라 감염증이나 중독도 생각해볼 수 있다. [증례 차트 - 침을 많이 흘린다] 증상 유추할 수 있는 질병 대처 • 경련 등 이상 증상세를 동반한다. • 음식을 먹으려 해도 삼키지 못한다. • 간질 • 광견병 • 중독 • 홍역 긴급히 병원으로 • 침에 피가 섞여 있다. • 침에서 냄새가 난다. • 구내염 • 치주 질환 • 입안이나 턱의 상처, 타액샘의 염증 빨리 병원으로 • 침이 멈추지 않는다. • 입 주변을 긁는다. • 식도 내 이물 • 입안이나 이 사이의 이물질 조금 많이 흘리는 듯하지만, 기운이나 식욕이 있다. 상태를 지켜본다. • 관찰 포인트 구내염이나 치주 질환, 타액샘의 염증 등에서는 냄새나는 침이 나오거나 침에 피가 섞여 있다. 또 식도나 입안에 이물이 있으면 침이 멈추지 않고 자주 입을"
37,슬개골 탈구,"무릎 관절 위에 있는 슬개골이 어긋나는 질병이다. 사고나 높은 곳에서 추락하는 등의 충격에 의해 발생하는데, 그 밖에도 선천적으로 관절의 형체가 나빠서 쉽게 탈구되는 견종도 있고 소형견에게 많이 발생한다. [증상] 가벼운 경우에는 통증도 없고 개가 스스로 이탈을 치료하는 경우도 있지만, 심한 경우에는 어긋난 관절부가 붓거나 인대가 파열되어 아프기 때문에 다리를 질질 끌거나 들고 걷기도 한다. 안쪽으로 어긋났는지 바깥쪽으로 어긋났는지에 따라 방향은 바뀌지만 무릎 아래쪽이 뒤틀리고 다리가 완만하게 휘어서 O다리나 X다리가 된다. [원인] 외상인 경우는 견종을 불문하고 일어나지만, 선천적인 형성이상은 토이푸들, 포메라니안, 요크셔테리어, 말티즈 등의 소형견에게서 흔히 볼 수 있다. [치료와 간호] 외부에서 힘을 가해 원래대로 되돌릴 수 있는 경우도 있지만 대부분은 재발한다. 수술을 하는 것이 일반적이며 증상이나 정도에 따라 수많은 수술법이 있다. 다리의 변형은 시간이..."
38,자궁축농증,"자궁은 태아를 발육시키는 장소이다. 자궁에 세균이 감염되어 염증을 일으키고 고름이 쌓이는 것이 자궁축농증이다. 5세 이상의 암컷에게 발생하기 쉬우며 내부에 고름이 쌓여서 나오지 않는 경우에는 신속하게 치료를 하지 않으면 생명에 지장을 주기도 하는 위험한 질병이다. [증상] 고름이 밖으로 나오는 개방형과 안에 쌓여서 배출되지 않는 폐색형이 있다. 양쪽 다 기운이 없어지고 물을 많이 마시게 되고 소변양이 증가하고(다음, 다뇨), 대부분의 경우에 외음부가 부어오른다. 개방형에서는 음부에 불쾌한 냄새가 나는 고름이나 혈농 등의 분비물이 나온다. 증상이 더 심한 것은 폐색형으로 자궁 내부에 대량의 고름이 쌓여서 임신한 개처럼 배가 부풀어 오르고 구토나 설사 등의 증상이 나타난다. 증상이 진행되면 빈혈이나 신부전을 일으킬 수도 있다. [원인] 출산 경험이 없는 개나 한 번만 출산한 개가 걸리기 쉽다. 발정기에는 세균이 침입하기 쉽기 때문에 발정기 이후에 많이 발병한다는..."
39,심리 문제의 케어 대책 - 원인부터 알아보자,반려견이 일으키는 문제행동. 일괄적으로 생각하지 말고 그 원인을 탐색해보자. 원인을 알면 올바른 대처법을 발견할 수 있을 것이다. [개의 심리적 질병은 주인의 문제] 개가 문제행동을 일으키는 것은 말로 전달하지 못하는 대신에 행동으로 무언가를 호소하는 것이라고 이해하자. 개에게도 희로애락의 감정이 있고 마음이 있기 때문이다. 문제를 일으킨다고 해서 고함을 지르거나 야단치거나 때려서 말을 듣게 하는 것은 말도 안 되는 짓이다. 일단 원인을 찾아보는 것이 중요하다. 외로운 것인지 불안한 것인지 화가 나 있는 것인지 그 원인을 이해한다면 올바른 대처가 가능하므로 사랑하는 반려견의 심리적 질병을 제거할 수 있다. '이 애는 못쓰겠다'라며 방치하지 말고 애정을 담아 대하자. 또 훈련이 철저하게 되어 있지 않거나 주인이 개를 대하는 방법에 문제가 원인인 경우도 있다. 애견의 심리적 문제는 주인의 책임이라는 것을 잊지 말고 평소의 접촉 방법을 개선해보자. [문제행동 1 - 불안에...
40,약의 기초지식과 예방접종 - 반려견을 위해 알아두어야 할 약,"병원에서 처방받는 약에는 어떤 종류가 있을까? 보다 안심하고 반려견에게 사용하기 위해서 기초적인 지식을 익혀두자. [반드시 수의사의 지시에 따를 것!] 개에게는 동물용 의약품이 있는데, 개의 치료에 사람용 의약품을 사용하는 일이 적지 않다. 하지만 집에 있는 사람용 약을 초보자가 자체적으로 판단해서 개에게 주는 것은 위험하다. 반드시 병원에 진찰을 받은 후에 약을 처방받아야 한다. 또 양, 횟수, 간격 등도 반드시 수의사의 지시에 따르도록 한다. 약을 사용한 후 상태가 나빠지는 등의 부작용으로 보이는 경우나 수의사에게서 사용을 중지해도 된다고 허가받은 경우를 제외하고는 지시받은 기간에는 약을 계속 사용해야 한다. [약효별·주요 약의 종류] • 알레르기용 약 알레르기성 피부염 등의 치료에 사용하는 약이다. 항히스타민제, 부신피질스테로이드제 등이 있다. • 대사성 의약품 간장질환용제, 해독제, 당뇨병용제 등 주로 간장 기능을 개선하는 약을 말한다. • 생물학적 제제..."
41,종양,"사람에게 발견되는 종양은 거의 개에게서도 발생한다. 종양은 조기발견을 하는 것이 중요하기 때문에 주인의 세심한 관찰이 치료의 핵심이라고 할 수 있다. [종양이란] 종양이란 몸속이나 피부 표면에 생기는 물질로 양성과 악성이 있다. 악성 종양은 이상하게 증식해서 다른 장소에 전이되면서 재발을 반복하는, 소위 '암'을 뜻한다. 피부 등의 체표에 발생하는 종양의 경우에는 자세히 관찰하면 조기발견이 가능하다. 피부나 유선, 항문 등의 상태를 잘 살펴보고 조금이라도 이상이 있는 것 같다면 일찌감치 병원에 데려가 진찰받도록 한다. [종양의 원인] 사람의 경우와 마찬가지로 유전적인 요소뿐만 아니라 담배연기나 오염된 공기 등에 함유된 화학물질, 자외선이나 방사선, 바이러스 등이 원인이 되는 것으로 보인다. 의료가 발달하여 개가 장수하는 비율이 높아지면서 암에 걸리는 개도 증가하고 있다. [종양의 주요 종류] 종양은 발생하는 조직에 따라서 분류된다. 피부나 소화기나 호흡기 표면에..."
42,체리아이,"아랫눈꺼풀 안쪽의 안구를 보호하는 막에 있는 제삼안검선이 돌출되는 질환이다. 빨간색 혹처럼 보이기 때문에 이런 이름으로 불린다. 그 밖에 다양한 안질환을 일으키기 쉽다. [증상] 대부분은 양쪽 눈에 생기는데 한쪽 눈에만 생기기도 한다. 제삼안검선이 크게 부어오르기 때문에 개가 눈을 비벼서 결막염이나 각막염을 병발하는 경우가 종종 있다. [원인] 비글이나 코커스파니엘, 페키니즈 등은 선천적으로 발생하기 쉬운 견종으로 알려져 있다. 외상이나 염증 등이 원인으로 발생하는 경우가 있고 개가 눈을 비비다 튀어나오는 경우도 있다. [치료] 일반적으로 튀어나온 제삼안검을 원래 위치로 돌려놓고 봉합한다. 절제해야 하는 경우도 있다."
43,노령견이 걸리기 쉬운 질병,백내장 눈의 수정체가 흐려져 시력이 저하되는데 더 진행되면 실명하는 경우도 있다. 여기저기 부딪치거나 움직이는 것에 대한 반응이 둔해진다. 자궁축농증 자궁에 염증이 생겨 고름이 차는 질병이다. 5세 이상의 암컷에게 많으며 생명을 앗아갈 수도 있는 중대한 질병이다. 당뇨병 당뇨에 걸리는 개의 대부분이 6세 이상이다. 물을 많이 마시게 되고 먹어도 마르는 것 같다면 위험신호이다. 치주 질환 이빨 주변에 일어나는 질병이다. 밥 먹기를 힘들어 하거나 구취가 심하다면 빨리 치과검진을 받는다. 승모판 폐쇄부전 소형 고령견의 사인 중 탑을 치지하는 심장병 중 하나이다. 심장에 있는 2장의 승모판이 변형되어 심기능을 저하시킨다. 암(악성 종양) 의료의 발달로 개가 장수하면서 최근 암 발생률도 증가하고 있다. 개의 경우 종양은 체표에 생기는 경우도 많으므로 자주 체크한다. 유선 종양 악성은 소위 유방암. 연령이 높아질수록 위험률도 높아진다. 복부나 유방 주위에 멍울이 없는지 확인....
44,붓는다,"피부 아래에 수분이 쌓여 종기처럼 되는 것이 부종이다. 전신 부종의 경우에는 중대한 질병에 원인이 있을 수 있다. [증례 차트 - 붓는다] 증상 유추할 수 있는 질병 대처 전신이 붓는다. • 쉽게 피곤해하고 체중이 감소한다. • 기침을 동반한다. • 배가 부풀어 오른다. • 사지가 붓는다. • 폐동맥 협착증 • 심실 중격 결손증 • 심근증 • 심장사상충증 빨리 병원으로 설사나 구토를 동반하고 체중이 감소한다. • 사구체신염 • 네프로제 증후군 • 급성 간염 • 소화기 질병 부분적으로 붓는다. • 감염증 • 알레르기 상태를 지켜본다. • 관찰 포인트 부은 것처럼 보이면서도 통증은 없고, 손으로 눌러도 원래대로 잘 돌아가지 않는 것이 부종이다. 전신이나 사지에 부종이 보이는 경우에는 심장이나 신장, 간장, 소화기 등에 이상이 있어 발생하는 경우가 있으므로 다른 증상이 보이지 않는지 잘 관찰하고 빨리 진단을 받도록"
45,구강 종양,"입안의 점막, 혀, 입술, 잇몸 등에 종양이 발생한다. 양성인 것으로는 잇몸에 생기는 에프리스, 유두종, 악성으로는 악성 흑색종, 편평상피암, 섬유육종 등이 있다. [증상] 혹이나 종기가 입안에 생겼거나 점막이 문드러진다. 침이 흐르거나 크기에 따라서는 입을 벌린 상태로 있게 된다. 음식물을 잘 물지 못하게 되고 입에서 피가 나기도 한다. 악성 흑색종은 이름 그대로 검은 종양으로 점막이나 혀에 생긴다. 급속도로 성장하여 폐나 림프관에 전이되는 일이 많고, 악성도가 극히 높은 종양이다. 편평상피암은 점막이 문드러지거나 궤양을 일으키며 턱뼈로 번지는 경우가 많다. 섬유육종은 잇몸에 생기는 경우가 많고 혹 상태의 종양이 급속도로 커진다. [원인] 유전 외에 입안의 위생 상태나 자극도 원인이 되는 것으로 보인다. [치료와 간호] 수술에 의해 종양을 절제한다. 턱뼈에까지 번졌다면 턱뼈도 포함해서 종양을 적출해야 한다. 구강 종양은 발견하기 쉬운 편이다. 간혹 입을 벌리고 종기나 궤"
46,기관지염,"기관지의 점막에 염증이 생긴 상태이다. 목이나 코의 염증이 기관지까지 번지거나 간혹 폐렴을 일으키는 경우도 있으므로 악화되기 전에 충분한 치료가 필요하다. [증상] 건조한 기침이 특징이며, 뭔가가 목을 막고 있거나 걸려 있어 토할 듯한 모습을 보인다. 콧물이나 열이 나는 경우도 있고 식욕이 감퇴한다. 기침이 심해지면 거품 상태의 점액을 구토하기도 한다. [원인] 바이러스나 세균, 진균 등에 감염되어 발생한다. 드물지만 자극성 가스나 먼지, 화학약품 등의 흡입이 원인이 되는 경우도 있다. [치료와 간호] 항생물질 외에 진해제, 거담제, 소염제 등을 투여한다. 필요에 따라 흡입요법을 하는 경우도 있다. 가정에서는 산책이나 운동은 피하고 안정시킨다. 목에 자극을 주지 않도록 보습, 환기에 신경 쓴다."
47,변비를 보인다,"개에게는 사람만큼 변비가 흔하지 않지만 질병이 원인이 되는 경우가 있는데, 이틀 이상 계속될 때에는 주의가 필요하다. [증례 차트 - 변비를 보인다] 증상 유추할 수 있는 질병 대처 변이 며칠씩 나오지 않는다. • 녹초가 되어 있다. • 배가 부어 있다. • 구토나 식욕부진을 동반한다. • 장폐색 • 골반 골절 긴급히 병원으로 변이 잘 나오지 않는 상태가 며칠씩 계속된다. • 딱딱한 변을 조금씩밖에 나오지 않는다. • 기운이나 식욕이 없다. • 이따금 토한다. • 전립선 비대 • 추간판 헤르니아 • 회음 헤르니아 • 고관절 탈구 • 소화기 종양 빨리 병원으로 1~2일 동안 변이 나오지 않는다. 기운도 있고 식욕도 있다. • 스트레스 • 수분 부족 • 운동 부족 • 약이나 보충제의 영양 문제점을 개선하고 상태를 지켜본다. • 관찰 포인트 며칠이나 변비가 계속되고 장에 가스가 차면 극심한 통증이 발생할"
48,털이 빠진다,"개는 계절에 따라 털갈이를 하는데, 간혹 피부병이나 내분비질환에 의해 탈모가 일어나기도 한다. [증례 차트 - 털이 빠진다] 증상 유추할 수 있는 질병 대처 좌우대칭으로 털이 빠진다. • 부신피질 기능항진증 • 갑상선 기능저하증 빨리 병원으로 • 부분적으로 털이 빠진다. • 이상하게 털이 많이 빠진다. • 모낭충증 • 개선충증 • 알레르기성 피부염(아토피성 피부염, 벼룩알레르기성 피부염 등) • 피부 감염증(농피증, 피부사상균증 등) 다른 이상이 없다. 털갈이 상태를 지켜본다. • 관찰 포인트 원래 개는 더위나 추위에 대비해 털갈이를 하는데, 최근에는 실내에서 기르는 개가 많아져서 1년 내내 털갈이가 일어나고 있다. 털갈이로 털이 빠지는 것은 걱정할 필요가 없지만, 살이 보일 정도로 탈모가 심하거나 이상하게 많이 빠지는 것은 피부질환의 영향을 생각할 수 있다. 내분비 질병으로는 좌우대칭으로 털이 빠지는 것이 특징"
49,중독,"개는 본능적으로 수상하게 느낀 것을 입에 넣지 않으려는 습성이 있지만, 실수로 삼켰다가 중독증상을 일으키는 것은 주변에 얼마든지 있다. 간혹 사람에게는 유독하지 않지만 개에게만 유독한 것이 있으므로 주의가 필요하다. 위험한 것을 삼켰다면 일단 수의사에게 연락해 지시를 받고 서둘러 병원에 데려가도록 한다. 파 종류 양파나 대파에 함유된 알릴프로필디설파이드(allylpropyldisulfide) 성분이 적혈구를 파괴하기 때문에 용혈성 빈혈을 일으키거나 혈뇨를 보고 간혹 사망에 이르기도 한다. 직접 먹이는 것은 물론 국이나 전골국물에 들어 있는 것도 안 된다. 초콜릿 초콜릿에 함유된 테오브로민 성분은 대량으로 섭취하면 중추신경을 자극하고 급성 심부전증을 일으키는 경우가 있다. 그 밖에 자일리톨이나 건포도 등도 중독을 일으키는 것으로 알려져 있다. 마카다미아·땅콩류 중독을 일으키는 원인은 밝혀지지 않았지만 많이 섭취하면 구토, 운동실조"
50,전십자인대 파열,"대퇴골과 정강이뼈를 연결하는 전십자인대가 부자연스러운 운동이나 나이, 비만 등에 의해 뒤틀리거나 늘어나거나 끊어진 상태이다. 원래 대형견에게 흔히 발생하는 질병이지만, 최근에는 비만인 소형견에게도 증가하고 있다. [증상] 체중을 받치지 못하기 때문에 뒷다리를 든 채 걷거나 질질 끌거나 하는 파행이 보인다. 체중이 가벼운 경우에는 며칠이면 평소 상태로 되돌아오기도 하지만 통증이 나타나기도 하고 가라앉기도 하는 등 파행이 반복된다. 방치하면 관절염이 되기도 한다. [원인] 사고 등 외부에서 가해진 힘이나 노화에 따라 인대가 쇠약해지거나 비만에 의해 무릎 관절에 부담이 가해지는 것이 원인이다. 소형견에게 많이 나타나는 슬개골 탈구가 진행되어 발생하기도 한다. [치료와 간호] 소형견의 경우에는 진통제 등을 투여하여 안정을 취함으로써 증상을 억제할 수도 있지만, 통증이 계속되는 경우나 대형견의 경우에는 정형수술을 해야 한다. 수술은 인대를 수복하는 등 다양한..."
51,파상풍,"흙속에 있는 파상풍균이 상처를 통해 침입해 운동신경과 중추신경에 데미지를 입힌다. 온몸에 경련을 일으키고 대부분은 발병 후 5일 이내 사망하는 위험한 감염증이다. [증상] 잠복 기간은 4일~2주 정도이고, 얼굴 측면의 교근(저작근의 하나)이 당기는 듯한 경련을 일으킨다. 그래서 입도 벌릴 수 없고 음식도 씹지 못하게 된다. 계속해서 온몸이 경직되고 경련을 일으킨다. 빛이나 소리, 진동 등의 자극에 예민해지고 강한 반응을 나타내는 것도 특징이다. 곧 호흡곤란을 일으키고 대부분은 사망한다. [원인] 파상풍균은 널리 분포하며 흙 속에 오랫동안 살아 있다. 개가 흙에서 놀 때 입으로 들어가면 증식해서 독소를 발생시키고 신경을 침범하면서 발병한다. [치료] 독소를 중화시키기 위한 주사나 항생물질을 투여한다. 경련이나 호흡곤란 등을 완화시키기 위한 치료도 실시한다."
52,래브라도 리트리버 [Labrador Retriever] - 영리한 두뇌와 파워풀한 운동량을 겸비·인간사회에서 크게 활약하는 작업견,"[특징] 폭이 넓은 두상, 힘센 턱, 골격이 굵고 근육이 발달한 단단한 체형. 부드러운 밑털이 밀집되어 있어 추위에는 비교적 강하다. 수영이 특기. [성격] 감정이 풍부하고 사람에 대한 애정도 강하다. 머리가 좋아서 훈련에 따라 스스로 판단하고 행동할 줄도 알기 때문에 경찰견이나 맹도견 등의 작업견으로도 적합하다. [케어 방법] 회수작업을 잘 하므로 프리스비나 공놀이 등의 운동을 추천한다. 상당한 운동량이 필요하다. 피모는 발수성이 강해서 손질이 간단하다. [걸리기 쉬운 질병] • 고관절 형성부전 • 관절염 • 위염전 • 백내장 • 안검외반 등"
53,배가 부어오른다,"내장 자체가 부어 있거나 체액이 고여 붓는(복수) 등 배가 부어오를 때가 있다. [증례 차트 - 배가 부어오른다] 증상 유추할 수 있는 질병 대처 단시간에 급격하게 배가 붓는다. 호흡곤란이 있고 토하는 동작을 반복한다. • 위확장, 위염전 긴급히 병원으로 하복부가 붓는다. 암컷이고 호흡이 거칠거나 토한다. • 자궁축농증 소변이 나오지 않는다. 소변보기를 힘들어 한다. • 요로결석증 1~2회 설사를 했다. 건강하고 식욕도 있다. • 폐동맥 협착증 • 심실 중격 결손증 • 심근증 • 심장사상충증 • 만성 간염 • 소화관 내 기생충(회충증, 조충증, 편모충증 등) 빨리 병원으로 탈모를 동반한다. • 부신피질 기능항진증 배 일부가 붓는다. • 소화기 종양 다른 증상이 없다. • 과식 • 비만 • 임신 문제점을 개선하고 상태를 지켜본다. • 관찰 포인트 특히 긴급을 요"
54,기관허탈,"폐에 공기를 보내는 기관이 눌려 편평해지면서, 호흡곤란이 일어나는 질병이다. 소형견이나 퍼그 등의 단두종에게 많이 보이며 비만이거나 나이를 먹으면 일어나기 쉽다. [증상] 흥분했을 때나 운동할 때 꽤엑꽤엑 거위 울음소리 같은 건조한 기침이 나오는 것이 전형적인 증상이다. 쌕쌕거리는 숨소리를 내고 호흡곤란을 일으키기도 한다. 특히 고온다습한 시기에 많이 발병한다. 심해지면 혀나 잇몸 색이 보라색이 되는 청색증 증상을 일으켜 쓰러지기도 한다. [원인] 기관이 본래의 강도나 탄력을 잃고 눌려 공기가 안을 통과하기 어려워지면서 발생한다. 원인은 선천적인 것으로 보이는데, 비만인 경우나 나이를 먹어도 발생하는 것 같다. [치료와 간호] 기침을 부드럽게 하기 위한 치료나 호흡곤란, 청색증에 대한 처치를 한다. 경우에 따라서는 기관을 확장하는 정형수술이 필요하다. 가정에서는 특히 여름에는 집안이 너무 덥지 않게 신경 쓰고 가능한 안정을 유지시킨다. 소형견이나 단두종에게..."
55,출혈성 위장염,"출혈을 동반하는 위장 염증으로 갑자기 심하게 피가 섞인 설사를 하거나 구토하는 경우도 있다. 소형견에게서 많이 보이고, 중증인 경우 치료가 늦으면 사망에 이르기도 한다. [증상] 악취가 나는 잼 같은 암적색 피가 섞인 변이 나온다. 구토를 하거나 피를 토하며 탈수증상을 일으키거나 호흡이나 심박이 빨라져서 쇼크 증상을 일으킬 수가 있다. 슈나우저나 닥스훈트, 토이 푸들, 말티즈 등의 소형견에게서 발병하는 경향이 크다. [원인] 파보바이러스 감염증과 같은 감염증 외에도 확실한 원인이 알려지지 않은 출혈성 위장염도 있으며 건강하게 보이는 개에게 갑자기 일어난다. 대부분 소형견들에게 발병한다. [치료] 탈수가 심하면 수액을 맞히고, 쇼크 증상이 있다면 그에 상응하는 치료를 한다. 구토나 설사가 없는 경우에는 식사와 물을 제한하고 세균의 2차 감염을 막기 위해서 항생물질 등을 투여한다."
56,부정맥,"일정한 리듬을 타는 심장의 박동이 어떤 이상에 의해 흐트러지면서 발생하는 질병이다. 일반적으로 증상을 보이지 않기 때문에 주인도 깨닫지 못하는 경우가 많지만, 치료가 필요할 정도로 심각한 경우도 있다. [증상] 경도인 경우에는 쉽게 피곤해지거나 호흡이 거칠어지는 정도지만, 심해지면 입술 등의 점막이 보라색이 되는 청색증을 일으키거나 실신하기도 한다. [원인] 심장병이나 감염증 등 원인은 다양한데 심장 장애가 일어나는 부위에 따라 부정맥의 타입도 분류할 수 있다. [치료와 간호] 원인이 되는 질병을 치료한다. 증상이 가벼운 경우에는 항부정맥제 등을 쓰면 되지만, 긴급히 치료해야 하는 경우도 있다."
57,저혈당증,"혈당의 농도가 매우 낮아지기 때문에 몸의 에너지가 부족해지면서 축 늘어져 경련이나 마비 등의 신경증상을 일으킨다. 생후 3개월까지의 새끼 때 많이 발병하지만 성견도 발생하는 경우가 있다. [증상] 몸에 힘이 들어가지 않고 기운을 잃거나 축 늘어져 보인다. 증상이 심해지면 호흡이 거칠어지고 경련발작을 일으키거나 하반신이 마비되거나 혼수상태에 빠지기도 한다. [원인] 새끼 때에는 이유 직후의 환경 변화나 스트레스, 몸의 냉기나 굶주림, 소화기의 이상에 의해 발생한다. 성견이나 노견 등은 혈당치를 컨트롤하는 인슐린 호르몬이 과잉으로 분비되어 발병한다. 공복 시나 운동으로 당분이 부족했을 때에도 일어나는 경우가 있다. [치료와 간호] 포도당을 주입하여 치료한다. 가정에서의 처치로는 적절한 식사를 주는 것이다. 당분을 주는 것도 한 방법이다."
58,전정장애,귀에서 뇌로 연결되는 평형감각을 다스리는 전정 부위에 이상이 생기는 질환이다. 몸의 균형이 무너져 항상 고개가 기울어 있고 빙글빙글 돌다가 쓰러지기도 한다. [증상] 갑자기 증상이 나타나는 경우가 많고 고개가 기울어진 상태인 것이 특징이다. 눈이 부자연스럽게 파르르 떨리는 경우도 있다. 평형감각을 잃었기 때문에 심해지면 밥도 제대로 먹지 못하게 된다. [원인] 귀 속에 있는 내이의 종양이나 염증이 원인이다. 또 나이가 원인인 경우도 있는데 노견에게 많이 발병하는 경향이 있다. [치료] 항생물질이나 스테로이드제를 투여하고 적절한 치료를 하면 며칠에서 몇 주 사이에 병상을 개선할 수 있다. 후유증으로 고개가 기울어진 상태가 지속되기도 하므로 이상이 보이면 조기에 진찰받도록 한다.
59,건강 유지를 위한 운동의 기본 - 리더가 누구인지를 이해시키는 데에도 중요,"개의 산책에는 건강유지와 스트레스 발산, 사회에 익숙해지도록 하기 위해서 등의 목적이 있다. 건강한 몸과 마음을 유지하기 위해서 운동을 좋아하는 반려견으로 키워보자. [외부 공기와 접촉을] 대부분의 건강한 개는 산책을 매우 좋아한다. 산책에는 적당하게 몸을 움직여 비만을 막고, 자유롭게 뛰어다녀 스트레스를 발산시키고 다른 개나 사람에게 익숙해지게 하기 위해서 등 다양한 목적이 있다. 잘 때나 부재중에 대부분의 시간을 케이지 안에서 보내는 실내견들에게 외출은 스트레스를 발산시켜 마음까지 건강하게 유지할 수 있는 중요한 시간이다. 매일아침 30분 정도라도 밖으로 데려가자. [운동(산책)의 주요 목적과 주의사항] 목적 ① 건강유지를 위해서 ② 예절을 익히게 하기 위해서 ③ 다른 개나 환경에 적응시키기 위해서 ④ 스트레스 발산, 문제행동을 예방하기 위해서 ⑤ 주인과의 커뮤니케이션을 위해서 주의 사항 ① 최소한의 훈련을 해둔다 주워 먹는 것을 방지하기 위해서 '안..."
60,혈소판 감소증,"출혈이 생겼을 때 혈액을 응고시키는 작용을 하는 혈소판이 감소하여 생기는 질병이다. 중증인 경우에는 빈혈 등을 일으킨다. 일본에서는 말티즈나 시추에게서 유전에 의한 것으로 보는 것이 많이 보인다. [증상] 입이나 코 등의 점막, 피부 등에 멍 같은 보라색 출혈반이 보인다. 중증인 경우 소변이나 대변에 피가 섞여 나오고 피를 토하거나 코피가 멈추지 않기도 한다. 채혈 뒤에 피가 멈추지 않아서 알게 되는 경우도 있다. [원인] 원래 있던 다른 질병이 원인이 되어 혈소판의 감소가 일어난다. 요독증, 바이러스 감염증, 백혈병, 면역질환, 악성 종양 등으로 발병하는데 원인을 특정할 수 없다. [치료와 간호] 완치는 불가능하지만 치료에 따라 증상을 완화시킬 수는 있다. 빈혈이 심할 때에는 수혈을 하는 것이 좋지만, 혈액형이 적합하고 혈액을 제공하는 개가 가까이 있어야만 가능하다. 치료는 장기간에 걸쳐 진행되는 경우가 종종 있다."
61,파피용 [Papillon] - 프랑스어로 '나비'를 뜻하며 커다란 귀에서 유래했다,"[특징] 파피용은 프랑스어로 '나비'라는 뜻이다. 늘어진 귀가 나비같다고 하여 이런 이름을 갖게 되었다. 단결 같은 피모, 커다란 귀가 특징이다. 냄새도 적다. [성격] 대담하지만 온순해서 길들이기 쉽고 어리광을 잘 부린다. 16세기의 유럽 귀족 사회에서 특별하게 여기던 개였기 때문인지 제멋대로인 면도 있다. 새끼를 잘 키운다. [케어 방법] 어리광부리는 개에게 공사구분을 확실하게 가르친다. 빗질은 매일 해주고 스트레스 발산을 위해 하루 한 번은 운동을 시킨다. [걸리기 쉬운 질병] • 슬개골 탈구 • 기관허탈 • 안검내반 • 아토피성 피부염 등"
62,입에서 냄새가 난다,"입 냄새가 심한 경우에는 대개 치주 질환이나 구내염에 원인이 있다. 고작 구취라고 생각하지 말고 치료를 받게 해야 한다. [증례 차트 - 입에서 냄새가 난다] 증상 유추할 수 있는 질병 대처 체중 감소, 물을 많이 마시고 소변양이 증가하는 등의 증상을 동반한다. • 신부전증 긴급히 병원으로 • 침이 많다. • 입안이나 잇몸이 붉고 출혈이 있다. • 이가 흔들린다. • 구내염 • 치주 질환 • 충치 • 치근첨주위농양 • 구강 종양 빨리 병원으로 이가 갈색이나 검게 변색되었다. • 충치 • 애나멜질 형성부전 입속에 멍울이나 혹이 있다. • 구강 종양 입냄새 외에는 다른 증상이 없다. • 구강 종양 • 만성 위염 • 관찰 포인트 입에서 냄새가 난다고 느꼈을 때 입안을 잘 관찰한다. 잇몸이 부어 있지 않은지 이가 변색되지는 않았는지 치석이 붙어 있지 않은지 종양 같은 것이 없는지를 살펴본다. 치주"
63,시추 [shih Tzu] - 이름은 '라이온'이지만 소박하고 작은 인기인,[특징] 티벳 출신의 라사 압소와 페키니즈의 혼혈로 알려져 있는 중국 출신의 개. 중국어로 '사자'가 이름의 유래이다. 짧은 코가 특징이다. 몸이 튼튼해서 키우기 쉽다. [성격] 작업견도 사냥견도 아니기 때문에 온후하고 사람을 매우 따른다. 경계심도 헛울음도 거의 없기 때문에 가정에서 키우기 쉬운 것도 장점이다. [케어 방법] 움직이는 것을 좋아하므로 매일 많은 운동을 시키고 빗질도 거르지 않는다. 주인 곁에 있고 싶어 하므로 너무 어리광부리지 않도록 주의한다. [걸리기 쉬운 질병] • 혈소판 감소증 • 연구개 과장증 • 안검내반 • 아토피성 피부염 • 요로결석증 등
64,아토피성 피부염,"최근 증가하고 있는 질병으로 꽃가루나 먼지, 진드기 등 알레르기의 원인이 되는 물질(알레르겐)에 민감하게 반응해서 일어난다. 70% 이상이 생후 6개월부터 3세 사이에 최초로 발병하고 유전적으로 걸리기 쉬운 견종도 있다. 심한 가려움 때문에 몸을 자주 긁게 된다. [증상] 얼굴이나 다리 안쪽의 피부가 겹치는 부위, 배 등에 심하게 가려움증이 있고 자주 핥거나 물기 때문에 피부가 상처 입어 문드러지며 만성화되면 두꺼워져서 건조해지고 거뭇해진다. 외이염이나 결막염, 비염을 동반하는 경우도 많으며, 일단 치료해도 자주 재발하는 질병이다. 골든 리트리버나 시바견 등의 견종은 선천적으로 이 질병에 걸리기 쉽다. [원인] 꽃가루나 먼지, 벼룩 외에 담배, 고양이 비듬 등 공중에 떠다니는 알레르겐을 흡입하면서 발생한다. 피부에 부착되면서 발생하는 경우도 있다. 알레르기는 해가 있는 것이 몸에 침입했을 때 그것을 제거하기 위해서 공격하는 면역기능이 평소에는 해가 없는 것에 대해서..."
65,열이 있다,"건강한 개라고 해도 운동을 하거나 흥분했을 때에는 열이 난다. 하지만 질병으로 발열했을 때에는 주의가 필요하다. [증례 차트 - 열이 있다] 증상 유추할 수 있는 질병 대처 이상한 고열(41℃ 이상) 즉시 몸을 식히고 긴급히 병원으로 열 외에도 심각한 증상을 동반 한다. • 경련이나 의식장애를 일으킨다. • 호흡이 이상하다. • 축 늘어져 있다. • 변이나 소변을 실례한다. • 열사병 • 감염증(홍역, 켄넬코프 등) • 호흡기 질환(기관지염, 폐렴 등) • 소화기 질환 • 자궁축농증 • 중독 • 종양 • 내이염 • 중이염 • 관절염 • 자기면역에 의한 피부병 긴급히 병원으로 미열이 있다. • 기운이나 식욕이 없다. • 설사나 구토를 동반한다. 빨리 병원으로 일시적인 발열 • 운동 중 • 흥분해 있다. 상태를 지켜본다. • 관찰 포인트 개는 사람보다 체온이 높아서 평열이 37.5~3"
66,폐동맥 협착증,"폐동맥의 입구가 좁아져 발생하는 질병이다. 이것도 선천성 이상 중에서는 발생 빈도가 높은 질병이다. 폐로 보내는 혈액이 부족하기 때문에 다양한 증상이 나타난다. [증상] 가벼운 경우에는 쉽게 피곤해지는 정도지만 중증인 경우에는 호흡곤란이나 심한 기침, 부종 등이 생기고 심부전으로 사망하기도 한다. [원인] 우심실의 출구가 좁아진 상태이기 때문에 혈액의 흐름이 나빠지고 우심실이 비대해져 순환부전이 일어난다. [치료와 간호] 경도인 경우에는 증상을 완화시키는 치료를 하면서 상태를 살펴볼 수 있지만 심해지면 전문가에게 수술을 받아야 한다. 폐동맥 협착증"
67,코가 이상하다,"코의 이상에는 콧물이나 재채기 외에 코피, 코골이 등이 있다. 증상이 나타나면 잘 관찰하도록 한다. [증례 차트 - 코가 이상하다] 증상 유추할 수 있는 질병 대처 코피가 난다. • 좀처럼 멈추지 않는다. • 대량으로 난다. • 폐수종 • 혈소판 감소증 • 비염 • 부비강염 • 종양 • 상처 긴급히 병원으로 콧물, 재채기가 난다. 새끼이고 열이나 기침, 눈곱 등을 동반한다. • 홍역 • 열이 있다. • 콧물이 끈적인다. • 물 같은 콧물이 나온다. • 콧물에 피가 섞여 있다. • 켄넬코프 • 비염 • 부비강염 • 종양 • 콧속이 건조하거나 이물질 빨리 병원으로 일시적인 재채기로 기운이나 식욕이 없다. 상태를 지켜본다. 코를 곤다. 호흡곤란을 동반한다. • 연구개 과장증 • 종양 긴급히 병원으로 일상생활에 지장이 있다. 상태를 지켜본다. • 관찰 포인트"
68,식욕이 없다,식욕은 건강의 바로미터! 식욕이 떨어지면 기운도 없어진다. 극단적으로 식욕이 없다면 병을 의심해보아야 한다. [증례 차트 - 식욕이 없다] 증상 유추할 수 있는 질병 대처 갑자기 식욕이 없다. 설사나 구토를 동반한다. • 렙토스피라 감염증 • 파보바이러스 감염증 • 장폐색 • 중독 긴급히 병원으로 물을 자주 마신다. • 급성 간염 • 췌염 • 급성 신부전 • 방광염 • 자궁축농증 더운 여름에 밀폐된 방이나 외부에 있어서 축 늘어져 있다. • 열사병 냄새를 맡는 등 먹으려고는 하는데 식욕이 없다. • 구내염 • 치주 질환 • 비염 • 구강 종양 • 턱의 상처 빨리 병원으로 서서히 식욕이 사라지고 기운도 없다. • 방광염 • 급성 신부전 • 구강 종양 • 회충증 식욕저하 외에 별 다른 증상은 없다. • 정신적인 스트레스 • 식단의 변화 문제점을 개선하고 상태를 지켜본다. • 관
69,암컷의 발정주기,"[발정 전기(약 6~10일간)] 발정출혈 개시일부터 수컷에게 교미를 허용하는 전날까지 난자가 자라기 시작하고 외음부가 부풀어 올라 출혈(발정출혈)이 시작된다. 이때 소변에 섞여 있는 페로몬의 영향으로 수컷이 발정한다고 알려져 있는데, 아직 받아들이는 단계는 아니다. [발정기(약 8~14일간)] 수컷에게 교미를 허용하는 기간 출혈이 끝나 연한 핑크색의 월경이 되면서부터 배란이 시작된다. 외음부의 붓기가 가라앉는 타이밍에 교미를 하면 임신할 확률이 높다. [발정 후기(약 2~3개월간)] 수컷에게 교미를 허용하지 않았던 날부터 발정 징후가 사라질 때까지의 기간 평균 60일 전후인데, 간혹 100일 이상 계속되는 개도 있다. 수정했을 경우에는 임신하지만 실제로 임신하지 않았는데도 유선이 발달하는 등 임신 징후를 보이는 경우가 있다(아래 '개의 상상임신' 참조). [발정 휴지기(약 3~6개월)] 다음 발정 전기까지의 기간 암컷의 난소에서 작은 난포가 다수 만들어지고 그중 몇 개가"
70,탈구,"관절부에 의해 연결되어 있는 뼈와 뼈가 관절에서 벗어나 정상적인 위치에서 벗어나는 것이 탈구이다. 탈구는 골절과 마찬가지로 사고 등의 외상에 의해 일어나는 경우가 많지만, 고관절이나 슬관절에서는 유전적으로 관절 형성이 불완전하기 때문에 발생한다. 류마티스성 관절염 등의 전신성 질병이 원인이 되어 발생하는 경우도 있다. [증상] 증상은 탈구된 부위나 이탈된 정도에 따라 다양하다. 가벼운 경우나 부위에 따라서는 크게 통증을 느끼지 않고 붓기도 없는 경우가 있지만 일반적으로는 통증, 붓기, 운동기능 장애 등의 증상이 나타난다. 골절을 동반하는 경우도 많이 있다. 개에게 흔히 볼 수 있는 것은 고관절과 슬관절의 탈구이다. 그 밖에 족근관절, 수근관절, 선장관절, 견관절, 악관절 등에 발병한다. [원인] 고관절 탈구는 사고나 추락 등 큰 충격을 받았을 때 일어나며, 그 밖에도 대형견에게 많은 고관절 형성부전이나 소형견에게 많은 레그 페르테스병 등도 탈구 원인이 된다. 족근관절..."
71,부신피질 기능저하증(애디슨병),"쿠싱 증후군과는 반대로 부신피질 호르몬이 부족한 질병이다. 증상이 갑자기 나타나기 때문에 심각한 경우에는 순식간에 사망하기도 한다. 암컷에게 많이 보이고 푸들이나 콜리에게 많이 발병한다. [증상] 기운이 없어지고 식욕부진, 근력저하, 설사나 구토 등의 소화기 증상이 나타난다. 체중 감소와 함께 물을 많이 마시고 다량의 소변을 보며 걷는 것을 싫어하기도 한다. 갑자기 증상이 나타나기도 하고, 심한 쇼크 증상을 일으켜서 긴급을 요하는 경우가 많으며 신속한 치료가 필요하다. [원인] 부신 자체가 위축되거나 뇌하수체나 약 등이 원인이 되어 부신피질 호르몬이 분비되면서 발생한다. [치료와 간호] 급성인 경우에는 상태를 개선하기 위해서 신속히 치료해야 한다. 그 후에는 수액이나 주사로 호르몬을 투여한다. 만성적인 경우에는 무기질 코르티코이드라는 약을 평생 투여해야 할 필요가 있다."
72,실내 안전 확인 가이드맵 - 지금 당장 위험한 곳을 체크!,"인간의 편리한 생활이 반려견에게는 위험할 수도 있다. 반려견에게도 살기 좋은 환경이 조성되어 있는지 체크해보자. 케이지 가족의 존재를 항상 느낄 수 있고, 개가 가장 안정을 취할 수 있는 장소에 잠자리를 마련해준다. 사람의 출입이 잦은 문 근처나 난방기구 등이 너무 가까이 있지 않는 곳이 좋다. 창문 창밖으로 지나다니는 사람의 기척이나 바람에 흔들리는 나무들을 신경 쓰거나 큰 소리에 깜짝 놀라는 개도 있다. 커튼을 치거나 창문에서 먼 곳에 케이지를 놓는 등 배려한다. 관엽식물 백합, 아이비, 튤립, 아마릴리스, 수선화 등의 구근이나 시크라멘 등 개가 입에 넣으면 위험한 식물이 많다. 닿지 않는 곳에 놓는다. 문 여닫이형 도어 개폐 시 주의. 개의 코가 끼이거나 갑자기 열다가 부딪칠 수도 있다. 문을 열어둔 채 아코디언커튼 등을 설치하는 것을 추천한다. 난방기구 화상을 입지 않도록 펜스를 설치한다. 전기장판은 저온화상이나 탈수의 원인이 되기도 한다. 방의 환기와 건조함에 주"
73,"카발리아 킹 찰스 스파니엘 [Cavalier King Charles Spaniel] - 조상은 영국왕실에서 사랑받던 개, 기품 있는 자태가 '기사'를 연상시킨다","[특징] 영국의 찰스 1, 2세가 사랑한 킹 찰스 스파니엘의 개량견. 카발리아란 '중세의 기사'를 의미한다. 몸은 균형이 잘 잡혀 있다. [성격] 붙임성이 과할 정도로 사람을 좋아하고, 근본적으로 사교적이다. 온후하고 다정한 성격으로 타인에게 공격적으로 대하는 일이 거의 없다. 머리도 좋아서 훈련시키기 쉽다. [케어 방법] 피모 손질은 매일 해준다. 엉키기 쉬우므로 빗질을 할 때 아프지 않게 주의한다. 보기보다 활발하므로 운동은 많이 시킨다. [걸리기 쉬운 질병] • 승모판 폐쇄부전 • 연구개 과장증 • 외이염 • 백내장 등"
74,유선염,"유선은 부생식기관이다. 분만 후에 혈액 속의 영양소를 모유로 바꾸는 것이 유선의 기능이다. 유선염은 유두를 통해 유선으로 세균이 침입해 염증을 일으킨 상태로, 출산 후나 발정 후에 많이 볼 수 있다. [증상] 유방 색이 붉어지고 열이 난다. 멍울이 생기거나 젖이 나오기도 한다. 식욕부진에 빠지기도 하고, 염증이 심해지면 피부나 피하조직이 괴사된다. 출산 후의 수유기나 발정 후에 많이 발생하므로 그 시기에 특히 주의해야 한다. [원인] 새끼에 의해 외상이 생겼거나 위생상태가 좋지 않은 것이 원인이며, 세균에 감염되어 발생한다. 젖이 다량 분비되는 것이 원인이 되는 경우도 있다. [치료와 간호] 항생물질을 투여하고, 염증이 심할 때에는 유선을 차갑게 해준다. 수유 중인 어미라면 증상을 개선시키면서 수유를 계속할지 인공포유로 바꿀지를 결정해야 한다."
75,동맥관 개존증,"심장에 이상을 갖고 태어나는 선천성 심장병 종류 중에서도 흔히 보이는 질병이다. 출생 후에 원래는 닫혀야 할 동맥관이 정상적으로 닫히지 않고 열려 있는 상태가 지속되는 질병이다. [증상] 중증이 되면 금방 피곤하고 기침이나 구토, 호흡곤란 등의 증상이 나타난다. 치료를 하지 않으면 2~3년 후 대부분 사망하지만 6개월 내에 수술을 하면 정상견과 거의 다르지 않게 생활할 수 있다. 셔틀랜드 십독, 포메라니안, 미니어처 닥스훈트, 코기 등에게서 흔히 발견된다. [원인] 대동맥과 폐동맥을 연결하는 동맥관은 태아일 때에는 열려 있다가 생후 72시간 이내에 닫히는데 이 동맥관이 열려 있는 상태로 있으면 혈류에 이상이 생긴다. [치료와 간호] 증상을 완화시키는 치료를 한 후에, 상태가 안정되면 전문의에게 수술을 받을 수 있다. 동맥관 개존증"
76,급성 간염,"내장 중에서 가장 큰 간장은 담즙을 분비하고 해독작용과 단백질 합성, 호르몬 대사 등 다양한 기능을 하는 중요한 기관이다. 다른 장기와의 관계에서도 심각하게 영향을 받기 때문에 대부분의 간장 질환은 간장이 아닌 다른 곳에 원인이 있다. 급성 간염은 바이러스 감염이나 중독 등에 의해 간장이 장해를 받아 발생하는 질환이다. [증상] 구토나 설사를 일으키고 식욕이나 기운이 없어진다. 중증인 경우에는 눈이나 입이나 피부색이 노랗게 되는 황달이나 경련, 근력이 떨어져 비틀거리는 등의 증상이 나타난다. 의식이 혼탁해지거나 혼수상태가 되는 등의 신경증상이 나타나기도 한다. 만성 간염에서는 눈에 띄는 증상이 나타나지 않다가 질병이 상당히 진행된 후에야 배에 복수가 차거나 마르는 등의 증상을 보여 알게 되는 경우가 많다. [원인] 동, 비소, 수은, 클로로포름 등의 중독 외에 진통제, 마취제, 이뇨제 등의 약물이 원인이 되기도 한다. 또 바이러스나 진균에 의해 감염성 간염, 기생충성..."
77,피부사상균증,사람으로 치면 비듬에 해당하는 피부병이다. 개에게 발병하는 경우는 많지 않지만 걸리면 탈모가 일어나 오래 끄는 질병이다. [증상] 가려움이 나타나는 경우는 거의 없지만 10원짜리 동전만한 원형 탈모가 생기는 것이 특징이다. 심해지면 탈모 부분이 커지고 비듬이 생기거나 부스럼이 되기도 한다. [원인] 곰팡이의 일종인 피부사상균에 감염되어 발병한다. 약한 표피에서 증식하고 부분적으로 염증을 일으킨다. [치료와 간호] 연고를 바르거나 내복약을 투여한다. 털을 깎고 약용샴푸로 씻기도 한다. 화장실 매트 등을 통해 사람에게 옮을 수 있으니 주의해야 한다. 청소나 소독을 부지런히 하고 개를 만진 후에는 손을 씻는다.
78,암컷의 경우,생식기의 구조(암컷)
79,요로결석증,"신장, 요관, 방광, 요도 중 한 곳에 무기질의 결석이 생기는 질병이다. 결석이 존재하는 위치에 따라 신결석, 요관결석, 방광결석, 요관결석이라고 한다. 소변 속의 성분이 결정화되고, 차츰 커져서 결석이 되면 방광벽이나 요도에 상처를 낸다. 대부분 방광에서 만들어지는데 이 경우 결석은 요도를 지나 이동하며 결석의 크기에 따라서는 요도가 막히는 경우도 있다. 결석의 성분에 따라 스트루바이트 결석이나 수탄칼슘 결석, 시스테인 결석 등으로 나뉠 수 있다. [증상] 혈뇨가 나오거나 소변 횟수가 많아지거나 적어지는 등 소변에 이상이 생긴다. 결석이 완전히 막혀버리면 배뇨 포즈를 취해도 전혀 나오지 않게 된다. 가장 많은 방광결석의 경우에는 빈뇨가 되거나 소변을 잘 못 보는 경우가 많지만 증상이 없는 경우도 있다. 소형견에서는 큰 결석이 생기면 방광 근처를 만졌을 때 단단한 응어리가 느껴지기도 한다. 요도결석은 요도가 긴 수컷에게 많고 혈뇨, 배뇨곤란, 뇨폐색 외에 소변을 볼 때마다"
80,회충증,"개에게 가장 많이 존재하는 내장 기생충으로, 개회충과 개소회충 두 종류가 있다. 특히 자견에게 많으며 대체로 어미의 뱃속에서 태내 감염되는데, 이 경우 신생아에게 이미 기생하고 있다. 주로 구토나 설사를 일으키고 중증이 되면 사망하기도 하는 질병이다. [증상] 기생충의 수가 적을 때에는 거의 증상이 나타나지 않지만, 새끼의 경우 기생충이 많을 때는 배가 붓고 빈혈이나 구토, 설사를 일으킨다. 회충 덩어리가 뭉쳐 장폐색을 일으키거나 경련이나 마비 등의 신경증상이 보이기도 한다. 성견에게 기생한 경우에도 식욕이 사라지고 구토, 설사 등의 증상이 보인다. 털의 윤기가 나빠지고 몸이 마른다. [원인] 감염된 개가 배설한 변 속의 기생충 알을 핥거나 먹으면 감염된다. 또 암컷이 감염된 경우 기생충은 임신 중인 상태에서 태반을 통해 태아에 감염된다. 태어난 후에도 모유를 통해 감염되기도 한다. 체내에 들어간 알은 소장에서 자충이 된다. 개회충은 혈류 등을 타고 체내로 이행하여..."
81,소화기 질환,"입에서부터 항문까지의 소화기는 음식물을 소화시켜 에너지로 변환시키는, 생명을 유지하기 위한 중요 기관이다. 개는 장이 짧고 비교적 큰 위를 갖고 있다. 소화기의 구조"
82,안면신경마비,"눈꺼풀을 갖지 못하게 되거나 입술이나 귀가 움직이지 않게 되는 등 신경에 장애가 일어났기 때문에 얼굴 일부의 근육이 이완된 상태로 있는 질환이다. [증상] 양쪽 얼굴 중 한 곳에 일어나는 경우가 많고 눈꺼풀이나 입술, 귀 등의 근육에 힘이 들어가지 않아서 처지기 때문에 눈물이나 침이 흘러내린다. 대부분은 1~2개월 정도 지나면 회복되는데 그 이상 경과해도 낫지 않고 지속되는 경우도 있다. 눈이 감기지 않게 되거나 건조성 각막염 등의 안질환을 일으키기도 한다. [원인] 대부분 원인이 밝혀지지 않았지만 갑상선의 기능 저하나 중이염, 내이염, 안면신경 외상 등이 원인이 되는 경우가 있다. [치료와 간호] 신경의 염증을 가라앉히거나 혈류를 좋게 하는 약을 투여한다. 치료는 원인에 따라 다르지만, 불명인 경우에는 회복이 어려워지기도 한다. 마비의 악화나 후유증을 막기 위해서는 조기치료가 중요하다."
83,부신피질 기능항진증(쿠싱 증후군),"부신피질에서 분비되는 호르몬 중 당 대사를 조절하는 호르몬이 이상하게 많이 분비되면 발생하는 질병이다. 다음다뇨, 하복부 수체, 탈모 등 다양한 증상을 일으킨다. 주로 7세 이상의 고령견에게 발생하며 푸들, 닥스훈트, 포메라니안, 복서, 보스턴 테리어 등에게서 많이 발견된다. [증상] 목이 말라서 물을 많이 마시게 되고, 그로 인해 소변 횟수나 양이 증가한다. 대부분의 경우 식욕이 증진해서 평소보다 많이 먹는다. 털이 버석거리며 윤기를 잃고 몸의 양쪽 좌우대칭으로 탈모되는 것이 특징이다. 근육이 탈력·위축되기 때문에 복부가 늘어지고 다리 힘이 약해진다. 당뇨병을 병발하는 경우가 많다. [원인] 대부분은 뇌하수체에 생기는 종양 등이 원인이며, 부신피질자극호르몬이 과다하게 분비되어 일어난다. 부신 자체에 생기는 종양 같은 이상 때문에 발생하는 경우도 있다. 또 염증이나 알레르기 등 다른 질병을 치료하기 위해서 장기간 스테로이드 약을 사용할 때 일어나는 경우도 종종 있다...."
84,노령견을 간호하는 방법,"[식사 케어] 위장기능이 저하되면 구토 등의 증상이 나타나기도 한다. 소화흡수가 잘 되는 식사를 제공하고, 개에게 맞는 상태의 사료를 조금씩 급여한다. 밥을 먹을 수 있는 경우에는 수저로 한입씩 입에 넣어준다. 치주 질환 예방을 위해서 식후에는 양치질을 한다. 음식물이 목구멍으로 넘어가지 않아도 빠뜨릴 수 없는 것이 물이다. 물약을 먹이는 요령으로 스포이트를 사용해 먹여준다. [보행 케어] 스스로 걸을 수 있고 걸으려 하는 의지는 있지만 다리가 휘청거린다면 간호용 하네스를 사용하는 것이 편리하다. 앞다리용과 뒷다리용이 있으므로 개의 상태에 맞춰 선택한다. [몸을 청결하게 유지한다] 목욕을 자주 할 수 없게 되었다면 뜨거운 물에 적신 수건으로 몸을 닦아준다. 엉덩이 주변은 특히 청결하게 한다. [잠자리 환경] 가족의 존재를 항상 인식할 수 있는 조용한 장소가 가장 좋다. 담요나 목욕수건 등을 두툼하게 깔아 따뜻하게 해준다. [화장실 연구] 실수를 저지르는 횟수가 증가했다면"
85,퍼그 [Pug] - 안쓰러운 표정에 위안이 되는 중국 출신의 치유 캐릭터,"[특징] 큰 두상에 눌린 코, 주름투성이의 얼굴 등 외모가 독특하다. 꼬리털이 감겨 있고 골격은 단단하며 운동량도 풍부하다. 보기보다 피모가 부드럽다. [성격] 온화하고 복종심이 있어 훈련시키기 쉽다. 공격적인 면이 없고 헛울음도 거의 없다. 질투심이 강하다고 할 수 있다. [케어 방법] 빗질은 간단히 해도 된다. 더위·추위에 약하므로 관리에 신경 쓴다. 주름 사이, 눈·입 주변을 항상 청결하게 한다. 운동은 매일같이 많이 시킨다. [걸리기 쉬운 질병] • 연구개 과장증 • 기관허탈 • 속눈썹 이상 • 안구 탈출 • 각막염 등"
86,마이크로칩이란 - 가르쳐주세요! 선생님!!,"Q. 마이크로칩이 뭔가요? A. 마이크로칩은 동물 세계에서 통용되는 신분증명서와 같은 것이다. 11mm 길이 정도의 캡슐로, 개의 등쪽 목덜미에 주입한다. 마이크로칩에는 세계에서 단 하나뿐인 당신의 반려동물만의 넘버가 기록되어 있으며 리더기를 대면 개체를 식별할 수 있다. Q. 어떤 상황에서 도움이 되는가? A. 고베대지진 때 수많은 반려동물들이 미아가 되어 일시적으로 수용할 수 있는 장소를 만들어 대처했는데, 주인을 찾을 수 없어 난처했다. 이런 재난 시가 아니라도 미아가 됐을 때나 교통사고 등을 당했을 때, 도난당한 자신의 반려동물이라고 증명해야 할 때 등의 경우에 마이크로칩을 삽입해두었다면 반려동물을 찾을 수 있다. 또 개와 고양이는 현재 해외여행 등으로 출국 시 건강증명서와 함께 마이크로칩의 장착이 의무화되어 있다. Q. 삽입 시 아프지는 않은가? A. 거의 통증이 없다. 피하주사와 마찬가지로 바로 끝나기 때문에 개들은 가만히 있다. Q. 비용은 얼마나 되는가? A"
87,"보더 콜리 [Border Collie] - 총명한 생김새와 뛰어난 스테미너, 지적호기심이 넘치는 목양견","[특징] 골격이 단단하고 지구력과 순발력, 힘을 겸비하고 있다. 피모는 짧은 스무스, 긴 웨이브가 나 있는 러프 2종. 귀 모양도 특징적이다. [성격] 주인에게는 복종하고 총명, 지적호기심이 강하다. 다른 사람이나 개에게는 먼저 커뮤니케이션을 취하지 않지만 공격적이지도 않다. [케어 방법] 작업의욕이 있는 개이므로 일을 맡기는 듯한 느낌으로 머리와 몸 양쪽을 사용할 수 있는 운동을 충분히 시키는 것이 좋다. 빗질로 피모를 청결하게. [걸리기 쉬운 질병] • 고관절 형성부전 • 아토피성 피부염 • 백내장 등"
88,벼룩알레르기성 피부염,"벼룩이 피를 빨 때 내뱉는 타액에 알레르기 반응을 일으키는 질병으로, 심한 가려움이 발생한다. 벼룩은 기생충을 옮길 수도 있기 때문에 꼭 구제해야 한다. [증상] 심한 가려움이, 특히 등줄기를 따라 허리나 꼬리가 난 부분 등 하반신을 중심으로 발견된다. 알레르기이기 때문에 가려움은 벼룩에 물린 곳과는 관계없이 나타난다. 피부는 염증을 일으켜 빨개지고, 털이 빠지기도 한다. 개가 핥거나 긁어서 염증이 악화되고 벼룩을 구제해도 한 달 정도는 증상이 계속된다. [원인] 벼룩에게 물리거나 피부 표면을 돌아다니는 자극에 의해 일어나는 피부염도 있지만, 이 알레르기는 벼룩의 타액에 대해 몸이 예민하게 반응해서 일어나므로 벼룩의 수와는 상관없이 발병한다. [치료와 간호] 알레르기에 대해서는 부신피질 호르몬 등을 투여한다. 벼룩의 구제는 다양한 종류가 있으므로 개의 상태와 사육환경을 고려하여 적절한 것을 선택한다. 반복적으로 발병하는 경우도 많으므로 병원에서 지속성이 있는..."
89,연구개 과장증,"연구개는 목의 앞쪽에 있는 상악의 부드러운 부분으로 점막이 늘어져 공기의 통로를 압박하면서 호흡이 곤란해진다. 퍼그, 불독, 시추 등의 단두종에게 발병하기 쉽다. [증상] 숨 쉬기를 힘들어하고 야간에 코를 고는 것이 특징이다. 특히 한낮의 고온 때나 흥분했을 때에는 호흡이 빨라지고 쌔액쌔액거리며 괴로운 듯이 보인다. 간혹 연구개가 목을 완전히 막아서 무호흡 증상이 나타나기도 한다. [원인] 선척적으로 연구개가 길어서 목의 입구로 내려가 있기 때문이다. [치료와 간호] 호흡곤란을 일으키는 경우에는 긴급히 산소흡입하고 소염제를 투여하여 경과를 지켜본다. 근본적으로는 내려간 연구개를 절제하는 수술이 필요하다."
90,발톱진드기 감염증 [cheyletiella-],"0.5mm 크기의 발톱진드기는 기생하면 산란을 하여 개의 체표에서 성장한다. 개가 감염되면 가려움증이 생기고 대량의 비듬이 발생하는 것이 특징인데, 접촉한 사람에게도 감염되어 심한 가려움과 발진을 일으키기도 한다. [증상] 비듬이 많아지고 털의 윤기가 나빠지며 탈모가 생기기도 한다. 대부분은 심한 가려움증이 나타난다. 개의 털을 갈라서 돋보기 같은 것으로 관찰하면 부스럼같이 된 비듬 속에서 발톱진드기가 움직이는 것이 보인다. 감염된 개를 안거나 만졌을 때 사람에게 옮길 수도 있으므로 주의해야 한다. [치료와 예방] 약욕제 등으로 발톱진드기를 구제한다. 대량으로 발생한 경우에는 털을 깎는 것도 좋다. 예방에는 적하형 살충제가 효과적이다."
91,접촉성 피부염,"어떤 특정 물질에 닿으면 알레르기 반응을 일으키고 피부염이 되는 경우가 있다. [증상] 접촉한 부분이 빨갛게 듬성듬성 발진하거나 가렵고 탈모 등이 일어난다. 목이나 입 주변, 흉부나 다리 등 털이 없는 부분에 번지는 경우가 많고, 식기나 장난감에 반응한 경우는 코나 입에 증상이 많이 나타난다. [원인] 목걸이나 플라스틱 식기, 샴푸, 세제, 바닥의 왁스류, 카펫, 나일론, 검, 살충제, 소취제 등 다양한 물품이 원인이 된다. [치료] 잘 관찰해서 원인이 되는 물건을 알아내어 사용을 중지한다."
92,전염성 간염,"간염을 일으키는 것이 특징인 감염증인데, 감염되었어도 이렇다 할 증상을 보이지 않는 가벼운 증상도 있는가 하면 1~3일 내에 사망이 이르는 중증인 경우도 있는 등 폭넓은 증상이 나타난다. 1세 미만의 유견이 걸리면 높은 발병률과 사망률을 보인다. [증상] 중증형에서는 일주일 정도의 잠복기 후에 고열이 며칠간 계속되다가 식욕부진에 빠진다. 구토, 설사, 복통이 일어나고 편도가 붓거나 입안의 점막이 충혈되고 점상으로 출혈하기도 한다. 자견 등은 급성 간염이 병발하여 사망하는 예도 있다. 하지만 증상이 나타나지 않거나 발열과 콧물 정도로 끝나는 경증형인 경우도 있다. 증상이 회복되면서 눈의 각막이 뿌옇게 되면서 푸른빛을 띠는 경우가 있는데 이것을 블루아이라고 한다. [원인] 개 아데노바이러스 1형이라는 바이러스에 감염되어 발생한다. 병에 걸린 개의 소변, 대변, 타액, 오염된 식기나 의복 등에서 개의 입으로 들어가 발병한다. 바이러스는 편도에서 림프 조직으로 침투하고 그..."
93,변형성 척추증,"나이가 들면서 등뼈에 변형이 일어나는 질병이다. 일종의 노화현상으로 생각할 수 있는데 대부분의 견종에게서 보이며 그중에서도 대형견에게 많이 발병하는 경향이 있다. 등이나 허리에 통증이 나타난다. [증상] 증상이 없는 경우도 많지만 허리나 등에 통증이 발생할 때에는 만지거나 억지로 걷게 하면 아파한다. 만성화되는 일이 많고 서서히 진행되어 걷는 방식에 이상이 생기고, 뒷다리를 질질 끓거나 일어나지 못하게 되기도 한다. [원인] 등뼈를 형성하고 있는 추체라는 뼈가 화골 변형되어 옆으로 튀어나와 신경을 압박하면서 발생한다. [치료와 간호] 환부를 따뜻하게 하는 온열요법이나 초음파요법 등을 실시하고, 증상에 따라 소염제나 진통제를 준다. 수술을 하는 경우도 있다."
94,"잭 러셀 테리어 [Jack Russel Terrier] - 매끈한 몸과 민첩한 다리가 장점, 파워풀하게 뛰어다니는 사냥개","[특징] 피모에 따라 스무스와 브로큰 2종류가 있다. 여우사냥을 위해 만들어진 개인 만큼 작은 틈에서도 유턴할 수 있을 만큼 관절이 부드럽다. 발이 빠르다. [성격] 탐색, 모험, 땅굴파기를 쉽게 한다. 모르는 개에게는 공격적으로 대해서 다른 동물과 함께 키우기가 어렵다. 끈기가 강하고 스테미너가 있어 잠시도 가만히 있지 못한다. [케어 방법] 매일 상당한 운동량이 필요하다. 멋대로 굴을 파고 들어가지 않도록 훈련을 철저하게 시켜야 한다. 피모 손질은 간단히. 최대한 커뮤니케이션을 많이 한다. [걸리기 쉬운 질병] • 슬개골 탈구 • 마라세티아 감염증 • 당뇨병 • 백내장 등"
95,아메리칸 코카 스파니엘 [American Cocker Spaniel] - 감촉이 좋은 섬세한 웨이브헤어와 크고 늘어진 귀가 트레이드마크,"[특징] 수렵견 그룹 중에서는 최소. 작은 체구에 비해 단단하다. 힘차고 경쾌한 걸음걸이. 비단결처럼 아름답고 긴 피모와 크고 위치가 낮은 늘어진 귀가 특징. [성격] 태평하고 사람을 잘 따르고 활발하다. 감수성이 풍부하고 머리가 좋아서 주인의 기대에 부응하려고 한다. 훈련시키기도 쉽지만 어리광을 받아주면 제멋대로 된다. [케어 방법] 피모는 엉키기 쉬우므로 꼼꼼하게 빗질한다. 눈이나 귀, 피모가 덮고 있는 다리 등은 자주 체크하여 청결하게. [걸리기 쉬운 질병] • 안검내반 • 백내장 • 갑상선 기능저하증 • 외이염 등"
96,소변 색이 이상하다,"소변 색이 빨갛거나 진해지는 이상이 있다면 어떤 질병을 의심해야 한다. [증례 차트 - 소변 색이 이상하다] 증상 유추할 수 있는 질병 대처 소변 색에 이상이 있고 소변이 나오지 않거나 누기 힘들어 한다. • 급성 신부전 • 요로결석증 • 요독증 긴급히 병원으로 소변 색이 빨갛다. • 요로결석증 • 전립선염 • 방광염 • 종양 빨리 병원으로 적갈색, 커피색 소변이 나온다(빨간 경우도 있다). • 파 중독 • 심장사상충증 • 빈혈(용혈성 빈혈) 진한 노란색, 오렌지색 소변이 나온다. • 급성 간염 • 바베시아증 • 관찰 포인트 소변 색이 이상해지는 것은 적혈구가 섞여 빨개지는 경우, 헤모글로빈이 섞여 적갈색이나 빨갛게 되는 경우, 빌리루빈이 섞여 오렌지색이 되는 경우 등이 있다. 각각 원인은 다르지만 중대한 질병도 포함되므로 평소 소변 색을 관찰하여 이상이 발견된다면 빨리 진찰을 받는다. 특히 배뇨장애는"
97,장폐색,"장폐색은 위에서 내려온 내용물이 장에서 막히는 질환으로, 증상이 심하면 내용물이 전혀 움직이지 않기 때문에 사망에 이르기도 한다. [증상] 음식물이 역류해서 심하게 구토를 하고 장이 확장되어 통증도 생긴다. 식욕이나 기운이 없어지고 설사를 일으키기도 한다. 장이 완전히 막혀버리면 복통이 심해지고, 체내에서의 수분대사도 저하되어 신장장애나 쇼크 증상 등 더 심각한 증상이 나타난다. [원인] 돌이나 구슬 같은 장난감이나 이물질을 삼켜서 장이 막히는 케이스가 많다. 작은 돌멩이나 비닐, 실뭉치 등이 조금씩 쌓여서 막히는 경우도 있다. 또 종양이나 장염, 장염전, 장중적 등의 질병이 원인일 수도 있다. [치료와 예방] 탈수증상이나 쇼크 증상을 치료로 가라앉히고 상태가 안정된 후에는 한시라도 빨리 개복수술을 해야 한다. 치료 후에는 일정 기간 절식시킨 후 수분보급, 유동식 순으로 급여한다."
98,승모판 폐쇄부전,"말티즈나 포메라니안 등 소형 실내견의 사인 중 탑을 차지하며, 심장병 중에서도 가장 많이 걸리는 질병이다. 승모판은 좌심방과 우심실 사이에 있는 2장의 판을 말하는데 이 판이 잘 닫히지 않게 되면서 일어난다. 심해지면 생명에도 지장을 주는 질병이다. [증상] 한밤중부터 새벽녘에 걸쳐서, 또는 운동이나 흥분한 후에 목이 막힌 듯이 건조한 기침이 나오는 것이 초기증상이다. 질병이 진행되면 기침이 심해지고 간격이 짧아지며 한밤중 내내 계속된다. 쉽게 피곤해지고 산책이나 운동을 싫어하며 주저앉거나 실신한다. 심장이 비대해지고 심한 경우에는 공 모양으로 변형되어 폐에도 영향을 미치기 때문에 호흡곤란이나 폐기종 등을 야기하거나 발작을 일으켜 쓰러지기도 한다. [원인] 노화와 더불어 승모판이 상처를 입어 약해지고 늘어나 판이 제대로 닫히지 않게 되는 것 등이 주요 원인으로 혈액이 역류하여 심장이 비대하다. [치료와 간호] 나이를 먹으면서 발생하는 질병이기 때문에 완치는..."
99,모낭충증,"원래 개의 모공에는 현미경으로만 확인할 수 있는 초소형 진드기인 모낭충이 상주하는 경우가 많은데, 이 진드기가 이상하게 번식해서 발생하는 것이다. 저항력이 약한 새끼가 걸리기 쉽고 심해지면 피부염이나 탈모, 가려움이 발생한다. 모포(모공)에 기생한다고 해서 모포충이라고도 한다. [증상] 1세 미만의 자견에게 흔히 발생한다. 초기에는 눈, 코, 입 주변이나 발끝 등의 털이 빠지는데, 가려움이나 발진도 가볍기 때문에 그냥 지나치기 쉽다. 하지만 탈모가 서서히 번지면 온몸에 퍼지게 된다. 세균에 의한 2차 감염이 일어나면 화농, 출혈, 짓무름이 나타나며 가려움도 심해지기 때문에 개가 긁어대거나 핥으면 증상이 더욱 악화된다. 노견이 걸리는 경우도 증가하고 있는데, 이 경우에는 내분비의 질환이나 면역계의 이상 우려가 있다. [원인] 보통의 건강상태라면 발병하지 않지만 면역력이나 저항력이 저하되거나 영양상태가 나쁘면 모공의 바리어 기능이 작용하지 못하고 진드기가 폭발적으로..."
100,개선충증,"현미경으로만 보이는 초소형 옴벌레가 개의 피부에 구멍을 뚫고 기생하면서 일어난다. 밤에는 잠을 잘 수 없을 정도로 심한 가려움증이 나타난다. 개에게 기생하는 옴벌레는 극히 드물게 사람의 피부에 알레르기를 일으키기도 한다. [증상] 특히 팔꿈치나 발꿈치, 귀 등에 탈모나 염증이 발생해 피부가 딱딱해지고 비듬이 발생한다. 매우 가려워하고 밤낮없이 긁어댄다. 질병이 진행되면 부스럼이 생기고 그 밑에서 옴벌레가 번식한다. 심해지면 온몸에 피부염이 번진다. [원인] 개의 피부에 구멍을 뚫어 침입한 진드기가 그 속에 산란하거나 배설하면서 평생을 보내기 때문이다. [치료와 예방] 진드기 구제약을 투여한다. 구제약이 진드기 알에는 효과가 없기 때문에 1주일 정도 간격을 두고 투여를 반복해야 한다. 전신의 털을 깎는 경우도 있다. 전염력이 강하기 때문에 병에 걸린 개에게 접촉한 동물은 검사를 하는 것이 좋다."
101,위확장과 위염전,"위확장은 위에 이상이 생겨 부풀어 오른 상태이고, 위염전은 위가 꼬여 있는 상태이다. 위가 순식간에 부풀어 오를 때에는 신속하게 대응하지 않으면 사망하는 경우가 많다. 대형견 중에서 가슴이 깊은 그레이트데인, 콜리, 복서, 셰퍼드 등의 견종에서 많이 볼 수 있다. [증상] 복부가 부풀어 올라 가라앉지 않고 고통스러워 보인다. 이따금 구토나 트림을 하고 침을 대량으로 흘리기도 한다. 또 위가 꼬인 위염전의 경우에는 토하려고 해도 토하지 못하고 침만 흘리면서 괴로워한다. 심한 통증 때문에 쇼크 상태에 빠지기도 한다. [원인] 새끼가 과식했을 때나 성견이나 노견이 걸신들린 듯이 먹다가 위에 가스가 발생하고, 액체가 쌓여서 위가 빵빵해져 붓고 위확장이 된다. 이 상태에서 심한 운동 등을 하면 위가 꼬여서 위염전이 된다. [치료와 간호] 위확장만 있는 경우에는 위 속의 가스를 제거하고 위를 세척한다. 위염전인 경우에는 신속하게 개복수술을 해야 한다. 위염전은 발견이 늦으면 대부분"
102,뼈의 종양,"양성 뼈 종양에는 골종, 악성 뼈 종양에는 연골육종이나 골육종 등이 있다. 특히 골육종이 많이 발병하는데, 나이 먹은 대형견에게서 발생하는 경향이 크다. [증상] 골종에서는 뼈가 뭉친 듯한 응어리가 커지고 다리를 질질 끌거나 들고 걷는 등의 보행장애가 나타난다. 증상이 진행되면 골절을 입기도 한다. 연골육종은 연골 부분에 발생하는 암으로, 관절 주위가 부어서 보행장애를 일으킨다. 골육종은 전이성이 커서 폐에 전이되는 경우가 많으며 대형견의 앞다리에 잘 발병하는 것 같다. [원인] 다른 종양과 마찬가지로 확실한 원인은 밝혀지지 않았다. 유전에 후천적인 요인이 겹쳐져 발병한다. [치료와 간호] 생명을 구하기 위해서는 안타깝지만 다리를 절단해야 하는 경우가 대부분이다. 치료에는 항암제 등도 사용하며 폐에 전이되는 경우가 많기 때문에 완치될 가능성이 낮은 질병이다."
103,유선 종양,"암컷에게 발생하는 종양 중에서 가장 많은 것이 유선 종양으로, 악성인 경우가 소위 유방암이다. 나이가 많아질수록 유방암에 걸릴 위험률이 증가한다. 여성호르몬과 관련 있는 것으로 보이며 2.5세 전에 중성화 수술을 하면 발병률이 낮으며 노령의 암컷에게 발생률이 높은 경향이 있다. [증상] 복부나 유두 주변에 멍울이 생긴다. 제4, 제5 유선의 발생률이 높고, 제1 유선에서는 거의 발생하지 않는다. 반 정도가 악성 유방암으로 전이될 가능성이 크기 때문에 주의가 필요하다. [원인] 최초의 발정 전인 생후 6개월령 정도 사이에 중성화 수술을 받은 경우에는 발생률이 1% 이하라는 보고가 있다. 또 수술을 받은 연령에 따라 발생률이 다르기 때문에 분명 난소의 기능이 발병에 관여하고 있는 것으로 보인다. [치료와 간호] 종양만 수술하거나 전 유선을 잘라내거나, 경우에 따라서는 난소나 자궁을 적출하기도 한다. 연령이나 질병의 진행 상태를 고려해서 결정해야 한다. 양성인 경우에는 재발 위"
104,급성 위염,"위의 점막이 급성 염증을 일으키는 질병이다. 급성 위염에 걸리면 여러 차례 구토를 반복한다. 경증인 경우 구토 이외의 증상은 나타나지 않지만 구토 횟수가 증가하면 탈수증상을 일으키므로 특히 체력이 없거나 새끼 등은 위험한 상태가 된다. [증상] 반복적으로 구토한다. 간혹 피가 섞여 있는 경우도 있고 토할 것이 없는데도 토하는 동작을 반복하는 경우도 있다. 물을 자주 마시고 다시 구토하는 경우가 있는데 그 결과 탈수증상을 일으킨다. [원인] 상한 음식이나 불결한 물, 독성이 있는 물질을 섭취했을 때 발생한다. 또 풀이나 나무, 쓰레기 등의 이물질, 급성 전염병이나 기생충 등에 의해서 증상이 나타나기도 한다. 스트레스가 원인인 경우도 있어 보인다. [치료와 간호] 증상이 가벼운 경우에는 하루 동안 식사를 제한하면 곧 회복된다. 이물질을 삼킨 경우에는 토해내게 해야 하는데 토해내지 않는다면 수술이 필요하다. 탈수증상이 있을 때에는 수액치료 등을 병행한다. 구토나 설사가..."
105,간질,"갑자기 의식을 잃거나 온몸이 경련하는 발작이 수십 초 동안 계속된다. 안정되면 보통 상태로 돌아오지만 한 달 사이에 몇 번씩 발생하는 경우가 있다. [증상] 갑자기 사지가 경직되면서 경련을 일으키고 의식을 잃고 쓰러진다. 증상 정도에 따라 입에서 거품이 끓어오르거나 호흡곤란을 일으키고 대변이나 소변을 지리기도 한다. 발작은 수십 초 정도 후에 가라앉으면서 마치 아무 일도 없었던 듯한 모습을 보이지만, 간혹 발작 후에 이상한 식욕을 보이거나 물을 대량으로 들이키거나 혼수상태가 되기도 한다. 발작이 몇 차례 반복되는 경우라면 생명에 지장이 있을 수도 있으므로 서둘러 수의사에게 문의하도록 한다. [원인] 뇌의 신경세포에 변화가 일어나고 긴장상태가 되면서 발생한다. 선천적으로 뇌에 이상이 있는 경우나 뇌의 염증, 종양, 외상 등이 원인이 되는 경우도 있다. 또 과도한 정신적 스트레스 등이 뇌에 영향을 미쳐서 발병하기도 한다. [치료와 간호] 항간질제를 응용하면 발작을..."
106,미니어처 닥스훈트 [Miniature Dachshund] - '동장단족'이 차밍 포인트인 인기 견종,"[특징] 오소리사냥개였던 것을 소형화시킨 것이다. 피모의 차이에 따라 스무스(단모), 롱(장모), 와이어(짧고 성긴 털) 등 3종으로 나뉜다. 컬러의 종류도 다양하다. 크기, 피모의 종류가 다른 것끼리 교배해서는 안 된다. 사지의 뼈대가 굵다. [성격] 원래 사냥개였기 때문에 노는 것을 좋아하고 적당한 경계심이 있으며 잘 짖는다. 훈련을 시키려면 다소 끈기가 필요하다. 희로애락이 뚜렷해서 보고 있으면 질리지 않는 견종이다. [케어 방법] 동체가 길기 때문에 등뼈에 부담을 주는 운동은 금물이다. 비만도 요통의 원인이 되므로 체중관리를 확실하게 해야 한다. 귀가 늘어져 있기 때문에 귀를 잘 손질하는 것이 중요하다. 롱헤어드는 피모가 뭉치기 쉬우므로 빗질을 자주 해준다. [걸리기 쉬운 질병] • 추간판 헤르니아 • 갑상선 기능저하증 • 요로결석증 • 동맥관 개존증 • 외이염 등"
107,갑상선 기능저하증,"성장을 촉진시키거나 대사를 진행시키는 갑상선에서 분비되는 호르몬이 감소하는 질병이다. 고령의 대형견에게 많이 발병하는데, 운동을 싫어하거나 이상하게 추위를 타게 되는 등 다양한 증상이 나타난다. 반대로 이 호르몬이 증가하는 갑상선 기능항진증이라는, 식욕이 이상하게 증가하고 불안정해지는 질병이 고양이에게 있는데 개에게는 그다지 발병하지 않는다. [증상] 기운이 없어지고 꾸벅꾸벅 졸거나 추위를 타는 일이 잦아진다. 단순한 노화현상처럼도 보이기 때문에 주인이 알아차리지 못하는 경우도 많다. 피부가 거칠어지고 피모도 윤기를 잃고 탈모가 증가한다. 또 피부가 거뭇하게 두꺼워지고 상피병 같은 피부병이 발생하는 경우가 많아지는데 이렇게 되면 치료하기 어려워진다. [원인] 갑상선에서 분비되는 호르몬이 줄어들고 피부의 신진대사가 나빠진다. 갑상선이 변성을 일으키는 자기면역성 질환으로 유전적인 요소도 있는 것으로 보인다. 생활환경이나 스트레스 등에서 발생하는..."
108,동물병원에 대한 기초지식 - 좋은 병원을 선택하는 것도 주인의 몫,"개를 키운다면 단골 동물병원이 있는 것은 최소한의 조건이다. 어떤 것에 신경 써서 선택해야 할지 알아보자. [정보 수집은 최대한 많이] 좋은 동물병원의 '좋다'는 기준은 라이프스타일이나 개의 성격, 견종 등에 따라서도 다르다. 일의 특성상 늦게까지 접수를 받는 병원이 좋다, 대형견을 차로 데려가야 하니 주차장이 없으면 곤란하다 등 조건을 만족시키지 않으면 다니기 힘들기 때문이다. 그중에서도 아래에 열거한 다섯 가지 포인트는 공통적인 기준이라고 할 수 있다. 우선은 최대한 정보수집부터 한다. 인터넷으로 동물병원의 홈페이지를 열람하는 외에 '소문'을 들어보는 것도 효과적이다. 산책을 하면서 만난 다른 견주들에게서 좋은 병원에 대한 정보를 얻자. 개를 키우는 사람들끼리이므로 대체로 흔쾌히 응할 것이다. [좋은 동물병원을 선택하는 5가지 체크 포인트] ① 원내가 청결한지 진료대는 물론 대합실이나 입원설비 등 시설 전체가 청결한지를 확인하자. 한 마리를 진찰할 때마다..."
109,이런 증상이 나타나면 빨리 병원으로!,"차트 중에서 긴급을 요하는 증례를 뽑아보았다. 이런 증상이 나타날 때에는 망설이지 말고 한시라도 빨리 병원으로 데려가자. [긴급한 증상 일람표] 몇 차례 심하게 토했다! → 토한다 심한 설사나 혈변을 했다! → 설사를 한다 배가 급격하게 부어올랐다! → 배가 부어오른다 소변이 전혀 나오지 않는다! → 소변이 나오지 않는다, 보기 힘들어 한다 열이 41℃를 넘는다! → 열이 있다 피부나 점막이 노랗다! → 피부가 이상하다 눈이 앞으로 튀어 나와 있다! → 눈이 이상하다 눈이 매우 아파 보이고 보이지 않는 것 같다! → 눈이 이상하다 고개를 기울인 채 있다. 얼굴이 마비되어 있다! → 귀가 이상하다 코피가 많이 나고멈추지 않는다! → 코가 이상하다 호흡이 이상하고 입술과 혀가 보라색이나 하얗다! → 호흡을 괴로워한다 호흡이 이상하고 경련을 하거나 떨고 있다! → 호흡을 괴로워한다 기침이 심하고 호흡을 하지 못한다!"
110,중이염,대부분의 경우가 외이염이 진행되어 염증이 중이까지 번진 상태이다. [증상] 일반적인 증상은 외이염과 거의 비슷하다. 열이 나거나 심한 통증 때문에 머리를 기울인 채 있다. 안면마비 등의 신경증상이나 청각장애 등을 일으키기도 한다. [원인] 원인은 외이염과 거의 동일한데 외이의 염증이 번져서 일어난다. 중이의 고실까지 염증이 일어나 고름이 쌓이기도 한다. [치료] 병발해 있는 외이염의 치료를 겸해서 하고 항생물질이나 소독제를 투여한다. 수술을 하기도 한다.
111,걷는 모습이 이상하다,"다리를 질질 끌거나 보호하는 것은 통증이 있기 때문이다. 또 신경계에 이상이 일어나 동작이 어색해지는 경우가 있다. [증례 차트 - 걷는 모습이 이상하다] 증상 유추할 수 있는 질병 대처 • 다리를 든 채 땅에 대지 않는다. • 다리가 부어 있거나 피를 흘리고 있다. • 골절 • 관절염 • 탈구 • 전십자인대단열 긴급히 병원으로 뒷다리가 마비되었다. • 추간판 헤르니아 똑바로 걷지 못한다, 같은 곳을 빙글빙글 돈다. • 전정장애 • 내이염 • 중이염 허리를 흔들면서 걷는다, 후들거린다. • 고관절 형성부전 • 추간판 헤르니아 빨리 병원으로 다리를 질질 끈다, 감싼다. • 기운이나 식욕이 없다. • 만지면 아파한다. • 탈구 • 슬개골 탈구 • 관절염 • 뼈의 종양 • 상처 • 건강하고 식욕이 있다. • 다리 안쪽에 작은 상처가 있다. 상태를 지켜본다. • 관찰 포인트 골"
112,빈혈,"빈혈은 혈액에 담겨 있는 적혈구나 헤모글로빈이 부족한 상태를 말한다. 그중에서도 몸을 지키기 위한 면역 기능이 자신의 적혈구를 공격해서 파괴하기 때문에 일어나는 자기면역성 용혈성 빈혈이 대부분이며 증상이 갑작스럽게 나타나는 것이 특징이다. [증상] 산소를 운반하는 적혈구가 줄어 몸속의 산소가 부족하기 때문에 쉽게 피곤해지고 식욕이 사라지며 운동을 싫어하게 된다. 안구 점막이나 잇몸 색이 살짝 하얘지거나, 피부나 점막이 노랗게 되는 황달 증상이 나타나기도 한다. 소변 색이 옅어지거나 간혹 피가 섞인 듯 적갈색이 된다. [원인] 피를 대량으로 흘렸거나 적혈구가 파괴되어 적혈구의 생산이 감소되었을 때 일어난다. 적혈구가 파괴되는 용혈성 빈혈은 파 종류나 살충제, 살서제 등에 의한 중독이 원인이 되기도 한다. 그 외에도 신부전이나 간질환 등의 질병, 기생충이나 바이러스 감염 등 원인이 다양하다. [치료와 간호] 원인에 따라 치료 방법이 다르다. 컨디션에 따라서는 수액을..."
113,심근증,"심장 근육이 정상적으로 작용하지 않게 되어 발생하는 질병이다. 심근이 얇아지고 탄력이 없어지는 확장형과, 심근이 비대한 비대형이 있으며 개에게는 확장형이 대부분을 차지한다. 대형견에게 많이 보이며, 중증이 되면 돌연사가 발생하기도 하는 질병이다. [증상] 경증이라면 증상이 나타나지 않는 경우도 있지만 심기능이 약하면 배에 복수가 차서 부풀어 오르거나 맥박이 흐트러지거나 사지의 부종 등의 증상이 나타난다. 돌발적인 기침과 함께 호흡곤란에 빠지기도 하며 부정맥과 뇌의 혈류 저하 때문에 실신하거나 돌연사까지도 발생한다. [원인] 확장형과 비대형 모두 전신에 혈액을 보내는 심기능이 저하되기 때문에 온몸에 다양한 이상이 발생한다. [치료와 간호] 혈관확장제나 이뇨제 등으로 질병을 완화시키는 치료를 한다. 내복약은 장기적으로 복용해야 하는데 부작용을 걱정할 필요는 없다. 식이요법을 통해 질병의 진행을 억제시킨다. 심장의 구조"
114,노령견의 건강 관리와 케어 - 노화의 시작은 7세 전후부터,건강했던 시절과 똑같은 식사나 운동을 시키고 있지는 않은지? 고령견과 살기 위한 중요한 포인트를 확인해보자.
115,충치,"개의 입속은 사람보다 충치의 원인균이 서식하기 어려운 환경이기 때문에 개는 충치가 적은 것으로 인식되다가 현재는 입속 질병의 10% 가까이가 충치인 것으로 알려졌다. 노견이 되면 잘 발병하게 된다. 이빨이 갈색이나 검은색으로 변하고, 구멍이 뚫리기도 한다. 잇몸의 바로 위나 맞물리는 부분이 충치가 생기기 쉽고, 증상이 진행되면 통증 때문에 먹지 못하게 되거나 구취가 심해진다. [원인] 음식찌꺼기 등이 이의 표면에 부착되어 세균의 온상이 되면 치석이 된다. 치석 속의 탄수화물이 발효되면 유기산이 만들어져 이빨을 침범하여 짓물러지면 충치가 된다. 충치는 표면의 애나멜질에서 심부로 진행되고 결국 치수까지 침범한다. [치료와 예방] 이빨의 애나멜질과 상아질을 제거하고 충진해서 수복한다. 진행되면 발치한다. 평소 치구나 치석이 붙지 않도록 칫솔질을 해서 이빨을 닦아주거나 양치용품을 급여하여 입속의 위생을 보호하자."
116,음식물 알레르기,"다양한 음식물로 인해 알레르기가 발생한다. 지금까지는 아무렇지 않게 먹었던 것들이 어느 날 갑자기 원인이 되는 경우도 있는데, 그 후에는 같은 것을 먹으면 발병하게 된다. [증상] 먹은 지 얼마 지나지 않아 증상이 나타난다. 심해지면 온몸에 피부염이 번지는 경우도 있지만 일반적으로는 눈이나 입 주변을 가려워하는 경우가 많고, 열이 나거나 설사나 구토를 동반하는 경우도 있다. [원인] 우유나 육류, 곡물, 과일 등의 예가 많이 보이듯 특정 음식물이 원인이 될 수 있다. 2세 전후의 개에게 많이 발병되는 듯하다. [치료와 예방] 혈액검사로 알레르기 원인(알레르겐)을 특정할 수 있다. 2~10주에 걸쳐서 원인으로 생각되는 음식물을 제거하면서 증상을 살펴보고 원인을 특정하는 방법도 있다. 약으로는 별로 효과가 나타나지 않기 때문에 원인이 되는 음식을 찾아내어 급여하지 않는 것이 가장 좋은 방법이다."
117,요붕증,"소변의 과다배출을 막는 호르몬에 이상이 생기거나 신장에 문제가 있기 때문에 물을 많이 먹고 소변을 많이 보는 다음다뇨가 되는 질병이다. [증상] 다음다뇨 외에 이렇다 할 증상은 없다. 1일 소변양은 체중 1kg당 60mL 이하가 평균인데 요붕증에 걸리면 100mL 이상의 소변을 보고, 많으면 300mL까지도 배출한다. 밤중에도 몇 번씩 배뇨를 하기 때문에 주인이 수면부족에 빠지기도 한다. 수분을 극단적으로 제한하면 단시간에 탈수증상을 일으킨다. [원인] 뇌하수체에서 분비되는 항이뇨호르몬에 이상이 있거나 혹은 신장의 기능에 이상이 있기 때문에 소변 유출을 컨트롤할 수 없어 발생한다. [치료와 간호] 약물로 치료할 수 있다. 치료를 계속하면 탈수증상을 일으키지 않도록 음수량을 조절해야 한다."
118,수컷의 경우,생식기의 구조(수컷)
119,방광염,"비뇨기계 중에서도 잘 걸리는 질병으로, 방광에 세균이 감염되어 염증이 일어나는 상태이다. 수컷보다 암컷의 요도가 더 짧아서 세균이 침입하기 쉽기 때문에 감염되는 경우가 많이 보인다. [증상] 다음, 다뇨의 증상이 보인다. 소변 보는 포즈를 자주 취하지만 나오지 않는 경우도 있다. 소변은 탁하거나 색이 진하며, 정상일 때에 비해 냄새가 강하게 나기도 한다. 발열하는 경우도 있고, 식욕이 떨어지고 기운이 없어지기도 한다. [원인] 대장균, 포도구균 등의 세균이 요도로 침입해 방광에 감염되어 염증을 일으킨다. 대부분의 경우에 만성화되고 염증이 번져 요로를 거슬러 올라가 신우신염을 일으키기도 한다. 간혹 추위나 스트레스도 원인이 되는 경우가 있다. [치료와 간호] 항생물질이나 항균제 등을 장기 투여한다. 만성화되거나 재발하기 쉬운 질병이므로 한 번이라도 방광염에 걸렸던 적이 있다면 평소 주의를 기울이도록 한다. 식사에 신경을 쓰고 저항력이 떨어지지 않도록 건강 관리가..."
120,포도막염,"홍채, 모양체, 맥락막 등의 포도막은 혈관이 많고 염증이 일어나기 쉬운 곳이다. 심해지면 실명할 우려도 있다. [증상] 눈을 아파하고 눈곱이나 눈물이 많아지고 눈꺼풀이 경련하기도 한다. 증상이 심해지면 안저출혈이나 망막박리가 일어나고, 시력에 장애가 생기기도 한다. [원인] 외상이나 주위의 염증 등의 원인이 있는데 대부분은 원인이 확실하지 않다. 아키타견에게는 원전병이라는 유전병이 있는데 포도막염이나 백내장을 일으킨다. [치료] 원인을 알고 있다면 그에 따른 치료를 하면 되고, 원인을 알 수 없는 대부분의 경우에는 증상에 따라 소염제나 항생물질, 산동약 등으로 증상을 완화시키는 치료를 한다."
121,생식기 질환,수컷과 암컷의 생식기는 구조도 기능도 크게 다르다. 일반적으로는 새끼를 낳는 암컷 쪽이 생식기 질병에 더 잘 걸리는 것으로 알려져 있다.
122,내분비 질환,"하수체, 부신, 갑상선 등의 내분비 기관은 호르몬을 분비하여 몸의 기능을 컨트롤한다. 호르몬의 분비량이 너무 많거나 적으면 몸에 이상이 생긴다."
123,"심실, 심방 중격 결손증","심장 좌우의 심실, 또는 심방 사이의 벽에 선천적으로 구멍이 뚫려 그 사이로 혈액이 역류하면서 발생하는 질병이다. 구멍이 작으면 증상이 나타나지 않는 경우도 있지만, 중증이라면 다양한 장애가 나타난다. [증상] 정도가 가벼우면 정상적인 개와 별 차이 없이 무증상으로 성장하지만 심실에 구멍이 뚫려 있는 경우에는 금방 피곤해지고 기침, 호흡곤란, 구토 등의 증상이 나타나며 몸이 자라지 않기도 한다. 심방의 경우에는 심장사상충에 감염되었다면 주의해야 한다. [원인] 여분의 혈액이 우심실, 좌심방으로 흘러들어가 심장에 부담을 주기 때문이다. [치료와 간호] 무증상인 경우에는 특별히 치료할 필요가 없지만, 중증인 경우에는 증상에 따른 치료를 하면 되는데 간혹 꼭 수술을 해야 하는 경우도 있다. 심실 중격 결손증"
124,"프렌치 불도그 [French Bulldog] - 네모난 두상과 박쥐 귀, 온화하고 쿨한 인기 견종","[특징] 영국의 소형 불독에 퍼그나 테리어를 교배한 것으로 보고 있다. 짧은 코와 쫑긋 선 귀, 단단한 골격이 특징이다. [성격] 원래 투견이었는데 소형화 과정에서 성격도 온순하게 개량되었다. 허리와 다리가 강하기 때문에 돌아다니기를 좋아한다. 기억력이 좋고 헛울음이 적어 키우기 쉽다. [케어 방법] 침, 눈곱, 주름 사이의 더러움 등을 부지런히 닦아내고 몸을 청결하게 유지한다. 충분한 운동과 식사관리로 비만을 예방하는 데 신경 쓴다. [걸리기 쉬운 질병] • 안검외반 • 속눈썹 이상 • 백내장 • 요로결석증 등"
125,홍역(디스템퍼),"최근에는 백신의 보급으로 유행의 불씨는 꺼졌지만 일단 감염되면 사망률이 높은 치명적인 질병이다. 바이러스가 뇌까지 침투해서 경련이나 혼수상태 등의 신경증상을 일으키기도 한다. 자견이 걸리는 질병이라고 생각하는 경향이 있는데 면역이 없는 성견이나 노견도 간혹 감염된다. [증상] 감염된 지 4~7일 후에 발병해서 식욕이나 기운이 없어진다. 그 후 설사 등을 하기도 하는데, 일단 열이 내려가고 언뜻 치유된 것처럼 보이기 때문에 초기증상을 놓치기 쉽다. 하지만 다시 열이 나기 시작하고 기침이나 끈적거리는 눈곱에 콧물, 설사, 구토 등의 증상이 나타난다. 경우에 따라서는 바이러스가 뇌까지 퍼져 안면이나 신체 일부를 움찔거리며 경련하는 틱 증상이나 전신의 근육이 수축하고 다리를 뻗거나 의식을 잃는 간질발작 같은 신경증상이 나타나기도 한다. 하드패트라 불리는 다리 안쪽의 육구가 각질화되어 돌처럼 딱딱해지는 특징적인 증상이 나타나기도 하고, 회복 후에도 후유증이 남거나..."
126,요크셔테리어 [Yorkshire Terrier] - 실크 같은 피모의 아름다움 때문에 '움직이는 보석'이라는 찬사를 받는다,[특징] 영국 요크셔 지방에서 쥐를 구제하기 위해서 사육하던 개를 소형화시킨 것이다. 도그쇼에서는 길게 자란 아름다운 피모를 중요하게 여긴다. [성격] 감각이 예민하고 에너지가 넘친다. 테리어 특유의 격렬한 기질과 고집스러운 성격 때문에 주인 외에는 길들이기 어려운 경우도 있다. '눈으로 말한다'라고 표현할 정도로 표정이 풍부하다. [케어 방법] 피모가 매우 아름답지만 손질하기가 어렵다. 가정에서 기르는 경우라면 짧게 잘라준다. 스트레스가 쌓이기 쉬우므로 짧은 시간이라도 매일 산책 시키는 것이 좋다. [걸리기 쉬운 질병] • 동맥관 개존증 • 수두증 • 슬개골 탈구 • 레그 페르테스병 • 요로결석증 등
127,신우신염,"신장에서 만들어진 소변이 모이는 장소가 신우이며, 이 신우에 염증을 일으키는 것이 신우신염이다. 만성 신우신염인 경우 증상이 크게 나타나지 않고, 서서히 만성 신부전으로 전이된다. [증상] 급성인 경우와 만성인 경우가 있다. 급성인 경우에는 발열을 하거나 구토, 식욕부진 등과 같은 증상이 나타나고 방광염과 비슷한 증상을 보인다. 만성인 경우에는 물을 많이 마시고 소변양이 증가하는(다음, 다뇨) 외에 아무런 증상이 없기 때문에 염증이 번져 신부전이 될 때까지 알아차리지 못하는 경우도 적지 않다. [원인] 소변은 신우, 요관, 방광, 요도 순으로 흐르는데, 신우보다 아래쪽에 감염 세균이 올라와서 일어난다. [치료] 완치될 때까지 항생물질을 충분한 기간 동안 투여한다. 신부전으로 진행되고 있는 경우에는 그에 맞는 치료를 한다."
128,질탈,"질벽 전체가 외부로 나오는 질환이다. 난산이나 분만 시의 진통이 심해서 일어난다. 발견이 늦으면 탈출한 부분이 괴사를 일으키기도 한다. [증상] 질이 밖으로 나온다. 자연적으로 돌아가는 경우는 없다. 탈출이 심하면 배뇨가 곤란해지기도 한다. [원인] 분만 시의 과도한 진통이나 교배시의 충격, 변비로 인한 복압 등도 원인이 된다. [치료] 환부를 소독·세정한 후에 윤활제를 사용해 몸속으로 밀어 넣는다. 탈출을 반복할 때에는 복강 안에 꿰매기도 한다. 탈출한 조직이 괴사를 일으키기도 하는데 이 경우에는 절개해야 한다."
129,이혈종,이개의 피부와 연골 사이에 혈액이나 액체가 쌓여 부어오르는 상태이다. [증상] 대부분의 경우 이개의 안쪽이 부어오르고 열과 통증을 동반한다. 고인 액체가 적은 경우에는 흡수되지만 환부가 클 때에는 귀의 연골이 위축되고 이개가 목이버섯 모양으로 변형되는 경우가 있다. [원인] 외이염의 가려움 때문에 귀를 긁거나 머리를 세게 흔들거나 할 때 혈관이 터지면서 혈액이나 액체가 쌓여서 일어난다. 상처나 알레르기가 원인이 되어 발병하기도 한다. [치료와 예방] 귀를 절개하는 등 고인 피나 액체를 빼낸다. 재발할 때에는 절개 후 특수한 봉합법으로 근치를 도모한다. 외이염이 원인이 되어 일어난 경우에는 이것을 치료하면서 귀를 청결하게 유지한다.
130,미니어처 핀셔 [Miniature Pinscher] - 똑똑하면서도 활동적이고 프라이드가 꽤 높은 편,"[특징] 독일이나 북유럽에서 작은 해수 구제에 이용하던 중형 견종을 소형으로 개량한 것이다. 새끼사슴을 연상시키는 가냘픈 몸, 독특한 귀, 반짝거리는 눈이 특징이다. 동작은 민첩하다. [성격] 반려견 중에서는 기질이 거칠고 공격적이다. 큰 상대에게도 과감하게 맞서고, 갑자기 달려들기도 한다. 주인에게는 극히 충성스럽다. 깨끗한 것을 좋아한다. [케어 방법] 주인에게만 복종하고 다른 사람에게는 짖거나 무는 경우가 있으므로 훈련을 철저하게 해야 한다. 사람에게 친숙해지는 훈련을. 피모는 짧게 손질하면 편리하다. 운동은 많이 시킨다. [걸리기 쉬운 질병] • 탈구 • 레그 페르테스병 • 백내장 • 당뇨병 등"
131,골든 리트리버 [Golden Retriever] - 커다란 체구에 어울리지 않게 다정하고 사람을 좋아하는 붙임성 있는 개,[특징] 원래 총에 맞아 떨어진 사냥감을 물속에서 회수(리트리브)하기 위해 일하던 개. 그 때문에 근육이 잘 발달되어 있고 단단하다. 피모가 밀집되어 있고 발수성이 있다. [성격] 충성심이 강해서 반려견으로 최적. 사람을 좋아하고 호기심이 강하므로 훈련 중에 산만해지는 경향도 있다. 학습능력이 높기 때문에 잘 훈련시키면 기르기가 편하다. [케어 방법] 운동을 하지 못하면 스트레스가 쌓여 문제 행동을 일으키기 쉬우므로 충분히 운동시킨다. 조밀한 피모에 통풍을 위해 빗질은 매일 꼼꼼하게. [걸리기 쉬운 질병] • 고관절 형성부전 • 심근증 • 아토피성 피부염 • 갑상선 기능저하증 • 백내장
132,만성 신부전,"급성 신부전과 마찬가지로 신장의 기능을 75% 이상 상실한 상태이다. 급성인 경우에는 신장이 부어 있는 경우가 많은 데 반해, 만성인 경우에는 수축되어 딱딱해져 있는 경우(신경화증)가 많고, 나이를 먹은 개일수록 발생률이 높아지고 안타깝게도 기능회복은 기대할 수 없다. [증상] 수년에 걸쳐 질병이 진행되어 확실한 증상이 나타날 때까지 시간이 걸린다. 색이 옅은 소변을 다량으로 보게 되고(다뇨), 수분을 보충하기 위해서 다량의 물을 마시게(다음) 된다. 차츰 식욕이 저하되고 모질이 나빠지며 마르기 시작한다. 이따금 구토를 하거나 빈혈을 일으키기도 한다. 나른해 보이고 기운이 없으며 말기에는 경련이나 혼수상태 등의 증상이 엿보이기도 한다. [원인] 원인은 혈액을 여과시키는 사구체의 염증, 선천적인 염증 등 다양하다. 급성 신부전이 이행하는 경우도 있다. [치료와 간호] 일단 나빠진 신장의 기능은 다시 회복되지 않고 계속 악화되기 때문에 치료는 최대한 증상을 완화시키는 것이 목"
133,레그 페르테스병,"대퇴골의 끝부분으로 가는 혈액의 공급이 부족하거나 멈춰서 골두부가 변형되거나 괴사되는 질환이다. 생후 1년 이하의 소형견에게 발병하고 갑자기 통증이 엄습해 다리를 절거나 다리를 들고 걷게 된다. [증상] 발병한 다리와 둔부의 근육이 위축되어 방치하면 다리를 질질 끌게 되고, 다리를 들고 걷는 등의 파행이 계속 남는다. 대부분 한쪽 다리에만 나타나는데, 드물지만 좌우 양쪽 다리에 발병하는 경우도 있다. [원인] 유전적 요소가 큰 질환으로, 대퇴골 선단으로 가는 혈류장애가 원인이며, 혈류장애가 발생하는 이유에 대해서는 알려지지 않았다. [치료] 증상이 가벼우면 장기간 운동을 철저하게 제한하고 통증을 완화시키는 약 처방으로 개선되는 경우도 있지만 진행성 질환이기 때문에 대부분은 대퇴골 선단을 절개하거나 인공 골두를 달아주는 수술을 한다."
134,대장염,"장의 점막에 염증이 생겨서 설사나 구토를 한다. 급성과 만성적으로 일어나는 경우가 있다. [증상] 수분을 흡수하는 대장에 염증이 번지기 때문에 장성 설사는 수분이 많아지고 선혈이나 점액이 섞인다. 탈수증상을 일으키기도 한다. [원인] 바이러스나 세균, 기생충 감염, 식사, 약물, 스트레스 등 다양한 원인으로 인해 장에 염증이 발생한다. [치료와 예방] 반나절에서 하루 정도 절식을 시켜 장을 쉬게 한다. 탈수증상이 심할 때에는 수액을 맞히거나 장 점막을 보호할 수 있도록 지사제를 투여한다. 원인이 되는 바이러스 감염증은 백신 접종으로 예방할 수 있다. 효과적으로 기생충을 예방하기 위해서는 정기적으로 분변검사를 해야 한다."
135,만성 위염,"위 점막이 만성적으로 염증을 일으키는 상태이다. 원인은 다양하지만 위가 반복적인 자극을 받아서 일어난다. 급성 위염이 잘 낫지 않아 만성화되는 경우도 있다. [증상] 매일이라고는 할 수 없지만 몇 주에 걸쳐 이따금 토하거나 식욕이 부진해서 마르는 것이 일반적인 증상이다. 구토는 식사와 상관없이 일어나고, 위점막이 짓무르거나 하면 피를 토하거나 변이 타르처럼 검은 경우도 있다. [원인] 원인을 정확히 특정할 수 없는 것이 많다. 음식물 알레르기나 유독물질, 병원체 등에 의해 위가 만성적으로 자극을 받아서 일어나는 것으로 보인다. [치료와 간호] 원인이 확실하다면 그것부터 치료를 하고, 원인이 확실하지 않을 때에는 증상을 완화시키기 위해서 점막을 보호하는 약이나 구토를 멈추게 하는 약, 항생물질 등을 투여하고 식사요법을 병행하는 것이 일반적이다. 가정에서는 소화가 잘되는 식사를 조금씩 여러 차례에 나눠서 급여한다."
136,전립선 비대,"전립선은 수컷에게만 있는 기관이다. 호르몬 불균형으로 발생하는 전립선 비대는 중성화 수술을 하지 않고 나이를 먹은 개에게 많은 질병으로, 대부분의 경우에 증상이 나타나지 않지만 증상이 없는 경우에도 노견의 절반 정도는 전립선이 비대해져 있다고 한다. [증상] 대부분의 개에게는 증상이 나타나지 않는다. 비대 자체에는 증상이 없고, 간혹 비대해지면서 주변에 있는 장이나 방광, 요도를 압박하기 때문에 증상이 나타나는 경우가 있다. 배변 횟수가 증가함에도 불구하고 변비가 일어나거나 변이 얇아지기도 한다. 혈뇨가 나오기도 하고 배뇨를 어려워하기도 한다. 전립선염을 동반하는 경우에는 통증도 생긴다. [원인] 쇠약한 정소에서 정소호르몬이 제대로 분비되지 않아 밸런스가 무너지면서 일어나는 것으로 보인다. [치료와 간호] 변비 등을 완화시키는 치료를 한다. 중성화 수술을 하면 전립선이 축소되어 치유가 된다. 노견 등에게는 호르몬요법을 하는 경우가 있다. 가정에서는 변비라면..."
137,"소변이 나오지 않는다, 보기 힘들어 한다","배뇨 자세를 취하는데도 조금씩밖에 나오지 않거나, 전혀 나오지 않는 상태가 계속될 때에는 조급한 치료가 시급하다. [증례 차트 - 소변이 나오지 않는다, 보기 힘들어 한다] 증상 유추할 수 있는 질병 대처 • 꼬박 하루 동안 나오지 않는다. • 녹초가 된다. • 구토를 동반한다. • 기운이나 식욕이 없다. • 급성 신부전 • 요로결석증 • 요독증 • 전립선 비대 • 회음 헤르니아 • 종양 긴급히 병원으로 기운이 있고 식욕도 있다. • 요로결석증 • 방광염 빨리 병원으로 • 관찰 포인트 방광이나 요도에 결석이나 종양이 생겨서 소변을 보기 힘들거나 완전히 막혀서 나오지 않는 경우가 있다. 또 부근의 장기에 이상이 있어 소변이 통과하는 길을 압박하면서 발생하기도 한다. 어느 쪽이든 꼬박 하루 동안 소변이 나오지 않는다면 매우 위험한 상태이므로 한시라도 빨리 병원으로 데려가야 한다. 소변을 채취할 수 있다면 지참하는 것이 좋다."
138,피부가 이상하다,"피부병에 걸리면 가려움이나 습진이 생기거나 냄새가 난다. 다른 질병 때문에 피부색이 변색되기도 한다. [증례 차트 - 피부가 이상하다] 증상 유추할 수 있는 질병 대처 피부가 노랗다(황달). • 급성 간염 • 중독 • 빈혈(용혈성 빈혈) 긴급히 병원으로 다치지 않았는데 보라색 멍이 들었다. • 혈소판 감소증 이상한 냄새가 난다. • 피부 감염증(농피증, 피부사상균증 등) • 피부 괴사나 화농 빨리 병원으로 멍울이 있다. • 피부 종양 • 유선 종양 • 붉은 기가 있다. • 습진이 나타난다. • 가려워한다. • 비듬이 많다. • 알레르기성 피부병(아토피성 피부염, 벼룩알레르기성 피부염 등) • 내분비 질병(부신피질 기능항진증, 갑상선 기능저하증 등) • 피부 감염증(개선증, 모낭충증 등) • 자기면역에 의한 피부병 벼룩이나 진드기가 있다. 구충 후 상태를 지켜본다. • 관찰"
139,귀가 이상하다,"귀에 가려움증이 생기면 개는 귀를 비벼대거나 머리를 부딪친다. 외이염은 개에게 매우 흔한 질병이다. [증례 차트 - 귀가 이상하다] 증상 유추할 수 있는 질병 대처 귀가 들리지 않는다. • 얼굴이 마비되거나 머리를 기우뚱하고 있다. • 안구가 끊임없이 떨린다. • 내이염 • 중이염 • 전정장애 • 종양 긴급히 병원으로 귓속에서 피가 난다. • 종양 귀를 가려워 한다, 아파한다, 머리를 흔든다. • 귀에서 냄새가 난다. • 고름 같은 분비물이 나온다. • 귓속이 부어 있다. • 외이염 • 중이염 • 개선충증 • 마라세티아 감염증 빨리 병원으로 검은 귀지가 다량으로 나온다. • 개선충증 • 마라세티아 감염증 귀 덮개가 부어 있다. • 이혈종 귀가 더럽다. 귀청소를 해주고 상태를 지켜본다. • 관찰 포인트 귀의 냄새나 귀지 등을 항상 체크한다. 정상적인 개의 귀는"
140,"먹는 양, 횟수가 증가한다","성장기나 임신 중에 식사량이 증가하는 것은 정상이지만, 이따금 질병이 원인이 되어 식욕이 증가하기도 한다. [증례 차트 - 먹는 양, 횟수가 증가한다] 증상 유추할 수 있는 질병 대처 먹는 양은 늘었는데도 마른다. • 췌외분비부전 • 소화관 내 기생충 빨리 병원으로 • 물을 마시는 양도 늘었다. • 배가 부어 있다. • 당뇨병 • 부신피질 기능항진증 먹는 양이 늘고 체중이 증가한다. 또는 체중에 변화가 없다. • 성장기 • 임신 중 • 운동량이 풍부 문제점을 개선하고 상태를 지켜본다. • 좋아하는 것을 너무 줬다. • 약의 영향 • 스트레스 상태를 지켜본다. • 관찰 포인트 장 등의 소화관 내에 기생충이 있거나 췌장에 이상이 있으면 영양이 흡수되지 못하고 항상 공복상태여서 잘 먹는데도 살이 찌지 않고 마른다. 호르몬의 균형이 무너진 경우에도 자주 먹는데 이 경우에는 물도 자주 마시게 된다. 또 먹는 양"
141,식도 내 이물,"잘못해서 이물질을 삼켜 식도가 막힌 상태이다. 개는 음식물을 통째로 삼키거나 음식물 외에도 입에 넣으려 하는 성질이 있기 때문에 식도가 이물질로 막히는 경우가 다반사이다. 때로는 완전히 막혀서 음식물을 위로 보낼 수 없게 되는 경우도 있다. [증상] 침이 흐르고 식도에서 더 이상 진행하지 못한 소화되지 않은 음식물을 토해낸다. 식욕부진을 일으키고 기운이 없어지지만 막히는 정도가 그리 심하지 않은 경우에는 발견이 늦어지기도 한다. [원인] 식도를 막는 이물 중에 많이 발견되는 것은 뼈나 살코기 덩어리이다. 대형견은 골프공이나 구운 닭꼬치를 꼬지째 통째로 삼킨 예도 있고, 그 밖에 장난감이나 사용하고 버린 라이터, 낚싯대 등 다양한 보고가 있다. 식도는 가슴의 입구, 심장 부근, 위와 이어지는 세 곳이 좁아서 쉽게 막힐 수 있다. [치료와 예방] 이물질을 제거한다. 내시경을 삽입해 끄집어낸다. 식도절개는 가슴을 개복해야 하는 힘든 수술이므로 이물질을 위 속으로 밀어 넣을 수"
142,내이염,"귀의 가장 안쪽 깊은 곳에 있는 내이에서 일어나는 내이염은 외이염이나 중이염이 확대되어 일어난다. 내이까지 염증이 진행되면 그 끝은 뇌이기 때문에 극히 조심해야 한다. [증상] 증상은 중이염과 거의 비슷하다. 단 내이에 있는 전정신경에 염증이 생기면 평형감각을 잃고 쓰러지기도 하고 같은 장소를 빙글빙글 돌기도 한다. 난청이 되는 경우도 있다. [원인] 일반적으로 외이염에서 중이염으로, 중이염에서 내이염으로 발전한다. [치료] 원인이 되는 외이염이나 내이염 치료를 한다. 장애가 심하면 증상의 개선이 어려워진다."
143,지루증,"피부의 신진대사 이상으로 기름지게 되거나 반대로 건조해져서 비듬이 많아지는 질환이다. 코커스파니엘, 시추 등 피지 분비가 많은 견종은 기름지게 되는 유성 지루증에, 저먼 셰퍼드, 아이리시 셰터 등의 견종은 버석거리는 건성 지루증에 걸리기 쉽다. [증상] 가슴이나 등줄기, 겨드랑이 아래, 귀속 등 피지 분비가 많은 부분이 기름지고 끈적거리는 피부나 또는 버석버석 건조하고 비듬이 많은 피부가 된다. 몸은 특유의 심한 냄새가 나게 되고 탈모가 일어나는 경우도 있다. 증상이 진행되면 가려움도 생기고 세균이나 마라세티아에 감염되는 경우가 많다. [원인] 정상이라면 3주 정도 걸리는 피부의 각질화 사이클이 매우 빨라져 피부가 지루화된다. 또 피부의 윤기에 중요한 피지샘에 이상이 생겨 발생하는 경우도 있다. 호르몬의 이상이나 영양불균형, 피부기생충이나 세균감염, 알레르기 등 원인은 다양하다. [치료와 간호] 각질을 녹이는 샴푸 등으로 피부의 컨디션을 조절한다. 다른 질환이..."
144,망막박리,"망막은 안구 안쪽의 뒷면에 있는 빛을 감지하는 부분이다. 매우 얇은 막으로 이 망막이 어떤 원인으로 벗겨진 상태를 망막박리라고 한다. 진행성 질환으로 시력장애가 진행되어 결국에는 실명하게 된다. [증상] 보통은 통증이 없기 때문에 증상이 확실하게 나타나지 않고 주인이 이상을 느꼈을 때에는 이미 시각장애가 진행되었거나 실명해 있는 경우도 있다. 다른 질병 검사에서 발견되는 일이 종종 있다. [원인] 콜리 등에서는 유전에 의해 선천적으로 발행하는 일이 많다. 그 밖에는 망막과 맥락막 사이에 염증이 생겨 발병하거나, 유리체가 변형되어 일어나거나 사고 등으로 두부에 받은 충격이 원인이 되기도 한다. [치료와 간호] 벗겨진 망막을 원래대로 돌리는 효과적인 치료법은 없고 치유가 어려운 질병이다. 안정을 시키고 두부에 충격을 주지 않도록 주의한다."
145,소화기 종양,"장기에는 다양한 종양이 생긴다. 소화기계로는 위암, 직장암, 간장암 등이 있다. 체표의 종양과 달리 병상이 진행된 후에 발견되는 경우가 많다. [증상] 질병이 상당히 진행될 때까지 증상이 나타나지 않는 경우도 많고 종양이 생긴 위치에 따라 증상이 다양하다. 일반적으로는 기운이 없어지고 체중이 감소하며 구토나 설사를 하고 배가 부풀어 오르는 등의 증상이 나타난다. [원인] 유전에 후천적인 요소가 더해져 발병한다. [치료] 수술로 제거하거나 방사선 요법이나 항암제, 면역요법 등도 시도해볼 수 있다. 조기발견이 중요해서 빨리 치료하면 나을 확률이 크다. 위암이나 간장암은 꽤 커진 후에야 발견되는 경우가 많은데, CT나 MRI 등 사람과 마찬가지로 영상진단이 보급됨에 따라 복강 내의 종양을 조기 발견할 확률이 늘고 있다."
146,감염증,바이러스나 세균 등의 미생물이 몸에 침입해서 발병하는 감염증은 소형견이나 고령견이 걸리는 경우에 종종 생명을 잃기도 한다. 예방의학의 발달 덕분에 대부분의 발병은 백신으로 예방할 수 있다.
147,상피소체 기능항진증·저하증,"상피소체 호르몬의 일종이 과다하게 분비되거나 부족하면 칼슘 대사에 장애가 생긴다. 분비량이 증가하는 것을 상피소체 항진증, 감소하는 것을 상피소체 저하증이라고 한다. [증상] 항진증에서는 물을 자주 마시고 다량의 소변을 보는 다음다뇨 증상 외에 큰 변화는 없지만 저하증에서는 불안, 초조해지고 신경질적이 된다. 또 몸의 근육이 뻣뻣하거나 걷는 모습이 이상해지거나 경련을 일으키기도 한다. 뼈가 약해지기 때문에 쉽게 골절된다. [원인] 상피소체의 이상, 신장 기능의 저하, 칼슘이나 비타민 D의 결핍 등에 의해 항진증이 발생한다. 또 저하증은 선천적이거나 다른 질병 치료를 위해 받은 수술로 인한 영향 등으로 일어난다. [치료] 항진증은 상피소체를 수술로 절제한다. 원인에 따라서는 칼슘제의 투여나 식사요법을 실시한다. 저하증의 치료에는 칼슘제나 비타민 D를 투여한다."
148,백내장,"개에게는 많이 발생하는 질환이다. 눈의 수정체가 하얗게 흐려지고 시력이 저하되며 실명에 이르는 경우도 있다. 견종을 불문하고 나이를 먹으면서 어느 개에게나 일어나는데, 2세 이전에 일어나는 약년성도 있다. [증상] 시력이 저하되어 여기저기 부딪치거나 움직이는 것에 반응하지 않게 되고 계단을 내려가기 무서워하는 등 개의 행동 변화 때문에 주인이 눈치채는 일이 많다. 눈을 관찰하면 수정체가 하얗게 탁하거나 동공이 항상 확장되어 있다. 특히 어둑한 곳에서는 시력이 현저히 떨어지고, 질병이 진행되면 실명에 이른다. [원인] 대개는 노화에 의한 것으로 평균적으로 6세를 넘긴 시점부터 서서히 증상이 진행된다. 외상이나 당뇨병, 내분비 이상 등이 원인이 되는 경우도 있다. 약년성은 유전에 의한 것으로 보인다. [치료] 백내장이 극적으로 개선되는 경우는 희박하다. 안약이나 물약은 질병의 진행을 억제하는 목적으로 사용한다. 동물 안과학의 진보로 전문의가 수술하는 경우도 있지만..."
149,자기면역에 의한 피부병,"사람이나 동물은 체내에 바이러스나 세균을 비롯한 유해한 물질이 침입했을 때 그것을 공격해서 배제하려는 면역이라는 기능을 갖고 있다. 이 면역기능에 이상이 발생하여 자신의 몸을 공격하는 경우가 있는데 피부에도 다양한 증상을 일으킨다. [증상] 대부분 천포창이라는 피부병 증상을 보인다. 입안이나 눈 주변이나 항문 주변 등에 심한 가려움증을 동반한 염증이나 탈모가 일어난다. 또 손가락 사이나 발 패드, 귀, 코 등에 염증이 일어나고 딱지나 탈모가 발생하는 타입도 있다. 천포창 외에 자기면역성 피부병으로 수포성류 천포창, 홍반성 낭창(Erythematodes)이 알려져 있는데 수포성류 천포창은 발열이나 탈수 등이, 홍반성 낭창은 발열, 신장장애, 빈혈 등의 전신증상을 일으킨다. [원인] 모종의 이유로 면역이 피부 세포를 공격해서 일어난다. 원인으로 자외선, 감염, 알레르기, 유전적 요소 등을 생각할 수 있지만 확실한 것은 알려져 있지 않다. [치료와 간호] 몇 가지 약을 조합해서"
150,결막염,"눈꺼풀 안쪽, 뒤집은 것처럼 보이는 곳이 안검결막이다. 그 점막이 염증을 일으키는, 눈의 질병에서는 가장 흔히 발견되는 질환이다. [증상] 눈꺼풀을 뒤집으면 결막이 충혈되고 부어 있는 것을 알 수 있다. 눈물이나 눈곱이 많이 나오고 가렵기 때문에 개는 앞발로 눈을 비비거나 바닥에 얼굴을 비벼댄다. [원인] 세균이나 바이러스에 의한 감염이 일반적이며 먼지나 알레르기 등도 원인이 된다. 결막은 다른 점막보다 외부에 접할 기회가 많기 때문에 염증이 일어나기 쉽고 눈을 비비거나 털이 들어가서 발생하기도 한다. [치료] 원인을 치료하고 눈을 세정한 후 점 안약을 넣고 연고를 바른다. 눈의 구조"
151,미니어처 슈나우저 [Miniature Schnauzer] - 콧수염이 트레이드마크인 호기심이 왕성한 테리어견,[특징] 독일어로 '콧수염'(슈나우쯔)이 이름의 유래. 원래는 쥐잡이로 이용되었다. 몸이 튼튼하고 근육이 잘 발달해 있다. [성격] 주인에 대한 충성심이 강하기 때문에 훈련시키기 쉽다. 반대로 경계심도 강하고 신중해서 잘 짖는 면도 있다. [케어 방법] 피모의 손질은 정식으로는 빗질(죽은 털 제거)을 한다. 긴 부분의 털은 청결에 신경 쓴다. 기억력이 좋으니 울지 않도록 빨리 훈련시킨다. [걸리기 쉬운 질병] • 당뇨병 • 백내장 • 정유정소 • 아토피성 피부염 • 요로결석증 등
152,항문주위염·항문주위루,"항문주위염은 항문주위의 조직에 염증이 생기는 질환이다. 이것이 악화되면 항문 주위가 화농, 궤양화된 누관이 생기는데, 그 상태를 항문주위루라고 한다. [증상] 가려움이나 통증 등의 불쾌감 때문에 항문 주변을 핥거나 깨물어서 염증이 일어난다. 배변을 힘들어 한다. 항문주위루에서는 배변 시 출혈이나 농상의 분비물이 보인다. [원인] 항문 주위의 항문선에 생긴 염증 때문에 개가 가려움이나 통증을 느끼고 그것을 핥거나 깨물면 항문주위염이 일어난다. 항문주위루는 항문선이 감염되면서 화농화되는 것으로 보인다. [치료와 예방] 항문주위염은 외용약과 내복약을 병용하여 치료한다. 항문주위루는 누관을 만드는 조직이나 화농이 되어 있는 층을 수술로 제거한다. 예방을 위해서 항문 주위는 언제나 청결하도록 신경써준다."
153,골절,"대부분의 골절은 사고 등의 충격으로 발생하는데, 뼈의 형성이 나쁘거나 구루병이나 뼈 종양 등에 의해서 뼈가 쇠약해지기 때문에 정상적이라면 버틸 수 있는 정도의 힘에도 쉽게 골절되는 경우가 있다. 다리 골절이 가장 많이 발생하며 체중을 지탱하지 못하고 바닥에 딛지 못하게 된다. [증상] 골절된 개소에는 심한 통증이 따르고, 부어오르고 열이 동반되며 운동기능에 지장을 초래한다. 발생한 부위나 정도에 따라서 증상은 다양하다. 부러진 뼈가 피부를 뚫고 밖으로 튀어나오는 경우를 개방골절이라고 하는데 외부에 접촉되기 때문에 세균에 감염되기 쉽다. 피부가 다치지 않은 것은 폐쇄골절이다. 골절 부위의 모양에 따라 단순골절, 복잡골절 등으로 분류된다. 부러진 뼈가 큰 혈관을 손상시키면 큰 출혈을 일으키고, 등뼈가 손상되면 마비 등의 신경증상을 일으킨다. [원인] 예기치 못한 외적인 힘이 가해져서 일어나는 골절을 외상성 골절, 질병 등으로 뼈가 물러지거나 영양밸런스가 좋지 않아..."
154,렙토스피라 감염증,"개뿐만 아니라 대부분의 동물이 감염되는 질병으로, 동물에게서 사람에게 감염되기도 한다. 대부분은 증상이 나타나지 않지만 급성 증상이 나타난 경우에는 사망률이 높은 질병이다. [증상] 증상으로 불현성형, 출혈형, 황달형 등의 세 타입으로 나눌 수 있다. 대부분의 경우는 불현성형으로, 증상이 나타나지 않고 어느새 치유되어 있다. 하지만 회복한 개는 일정 기간 다른 개나 사람에 대한 감염원이 된다. 출혈형은 1~2일 발열한 후 입이나 눈의 점막이 충혈되고 구토하거나 설사를 하다 탈수증상을 일으킨다. 신장장애를 일으키기도 하며 사망률이 높은 타입이다. 황달형은 간장장애를 일으키고 점막이나 피부가 노랗게 되는 황달이 일어나고 혈뇨도 보인다. 갑자기 고열이 나고 구토하며 쇠약해지는 등으로 높은 사망률을 나타낸다. [원인] 렙토스피라라는 세균에 감염된 개의 소변을 통해 오염된 땅이나 물, 음식을 입에 대면 감염되는 경우가 많으며 상처를 통해 세균이 침입하는 경우도 있다. 이..."
155,속눈썹 이상,"선천적으로 속눈썹이 나는 방향이 정상이 아니거나 돋아나서는 안 될 곳에 나는 질환이다. 속눈썹이 각막을 자극해서 상처입히는 경우도 종종 있으므로 빠른 치료가 필요하다. 속눈썹 이상 [증상] 속눈썹이 결막에서 돋아나 각막 쪽으로 향해 있는 이소성 첩모, 눈꺼풀의 테두리에서 돋아나 각막에 접촉하는 첩모중생, 돋아난 장소는 정상이지만 각막을 향해 돋아난 첩모난생 등이 있다. 모두 다 방치하면 각막염이나 각막궤양의 원인이 되므로 치료가 필요하다. [원인] 일시적인 역행성 눈썹 등과 달리 선천적으로 눈썹이 이상한 상태로 나는 질병이다. [치료] 이상하게 난 속눈썹을 뽑는 치료의 경우 정기적으로 계속 뽑아주어야 한다. 레이저수술 등으로 모근을 태우는 방법도 있다. 이소성 첩모 첩모중생 첩모난생"
156,치주 질환,이빨 주변에 일어나는 질병인 치주 질환은 잇몸염증과 치주염으로 나눌 수 있다. 초기에는 잇몸이 염증을 일으키는 잇몸염증이 되지만 점차 치주염으로 진행되고 이빨이 흔들리게 되어 빠지거나 고름이 고이며 원래 상태로는 돌아갈 수 없다. [증상] 이빨이 빨갛게 붓고 딱딱한 음식이 잇몸에 닿으면 아파하며 치구나 치석이 쌓이고 음식을 잘 먹지 못한다. 염증이 심해지면 잇몸이 화농화되어 구취가 심해지고 이빨이 흔들리다가 결국 빠지게 된다. 치주 질환의 세균이 잇몸에서 혈관으로 들어와 온몸으로 이동하여 신장이나 심장 등 다른 장기의 질병의 원인이 되기도 한다. [원인] 입안을 불결하게 관리하면 치구가 쌓이고 곧 치석이 낀다. 치구 안에 있는 세균이 치주 질환을 일으킨다. 치구나 치석을 방치하면 치주 질환이 악화된다. [치료와 예방] 경도라면 입안을 청결하게 하고 치구를 제거한 후 필요에 따라 항생물질을 투여한다. 심할 때에는 마취하에 치구나 치석을 제거하고 환부를 소독하여...
157,기흉,"상처 등으로 폐나 흉벽에 구멍이 뚫려 흉강에 공기가 차는 질환이다. 그 결과 폐가 위축되면서 폐활량이 저하된다. 심해지면 생명에 지장을 주기도 한다. [증상] 호흡이 빠르고 얕아져서 괴로워한다. 증상이 심해지면 배로 숨을 쉬고 눕기를 싫어하고 운동도 싫어하고 앞다리를 버티고 움직이는 것을 피하게 된다. 호흡곤란이나, 혀나 입술이 보라색이 되는 청색증 증상이 나타나는 것은 위험한 상태이다. [원인] 교통사고나 다른 개와 싸우다 폐가 손상을 입어서 일어나는 경우가 대부분이지만 원인불명인 경우도 있다. [치료] 흉강에 쌓인 공기를 빼거나 산소를 흡입시킨다. 중증인 경우에는 개흉수술이 필요한 경우도 있다."
158,"먹는 양, 횟수가 증가한다","성장기나 임신 중에 식사량이 증가하는 것은 정상이지만, 이따금 질병이 원인이 되어 식욕이 증가하기도 한다. [증례 차트 - 먹는 양, 횟수가 증가한다] 증상 유추할 수 있는 질병 대처 암컷이며 호흡이 거칠고 구토와 배가 부어오르는 등의 증상을 동반한다. • 자궁축농증 긴급히 병원으로 • 식욕이 없다. • 말랐다. • 당뇨병 • 요붕증 • 만성 신부전 • 상피소체 기능항진증 빨리 병원으로 • 털이 빠진다. • 배가 부풀어 있다. • 부신피질 기능항진증 기운이나 식욕이 있고, 다른 증상은 없다. 2~3일 상태를 지켜본다. • 관찰 포인트 통상 1일 음수량은 체중 10kg당 400~600ml 정도이다. 이것이 배 이상이 되면 확연히 이상한 상태로, 신장이나 내분비의 질병이 의심된다. 소변양도 많아지기 때문에 색이 흐려진다. 또 암컷의 경우에는 자궁축농증일 수도 있다. 긴급을 요하는 질병이므로 들어맞는"
159,구루병·골연화증,"균형이 맞지 않는 식사나 유전적인 비타민 D의 대사이상에 의해 뼈가 연화되어 약해지는 질병이다. 자견에서 뼈가 정상으로 성장하지 못하기 때문에 발생하는 것을 구루병, 성견의 뼈에 이상이 발생해 연화되는 것을 골연화증이라고 한다. [증상] 구루병은 1~3개월 정도의 새끼가 걸리고 골연화증은 성견이 걸리는데, 관절이 붓고 변형되며 쉽게 골절되는 등 증상은 같다. 통증 때문에 운동을 싫어하고 뼈가 휘어서 X다리나 O다리가 된다. 늑골과 연골의 연결 부위에 붓기가 염주처럼 이어져 있어 구루병 염주 상태가 되기도 한다. [원인] 칼슘, 인, 비타민 D가 부족하거나 균형이 맞지 않은 것이 원인이 되어 발병한다. 일광욕 부족이나 기생충 때문이라고도 하는데, 대부분은 영양균형이 좋지 않은 데 원인이 있다. 구루병은 뼈의 성장에 장애가 발생하는 것으로, 뼈가 휘게 된다. 골연화증은 성견의 뼈의 칼슘이 소실되어 탈회현상이 일어나는 것이다. [치료] 운동을 제한하고 식단을 개선한다. 적량의"
160,편충증,"길이 5~7cm 정도인 채찍 모양의 편충이 주로 맹장 부근에 기생하며 설사나 영양실조, 빈혈을 일으키는 질병이다. 다수가 기생하면 심한 증상을 보인다. [증상] 소수가 기생하는 것만으로는 증상이 나타나지 않지만 다수가 기생하면 배에 통증이 나타나고 항상 설사를 하게 되며 선명한 혈변을 볼 수도 있다. 식욕이 없어져 영양불량이 되고 털의 윤기도 나빠지며 점점 마른다. 빈혈이나 탈수증상을 일으키기도 한다. [원인] 변과 함께 배설된 알이 음식물이나 식기에 붙어서 입으로 들어가 감염된다. 회충이나 구충과 달리 경구감염만 된다. 체내에 들어간 알은 주로 소장 안에서 부화하여 맹장 또는 결장에 기생한다. [치료와 예방] 약이나 주사로 구충한다. 빈혈이나 탈수 증상이 있다면 수혈 등을 맞힌다. 다른 기생충 예방과 마찬가지로 변을 빨리 처리하여 위생을 유지함으로써 예방이 가능하다. 편충의 알은 저항성이 있고, 흙 속에서 5년 이상 생존하므로 실외 생활을 하는 개가 편충기생의 병력이 있"
161,계절에 따른 건강 관리 - 계절에 맞는 쾌적한 환경을 조성하자,사람이 사계절에 맞춰 옷이나 실내 환경을 바꾸듯이 개에게도 계절에 맞는 건강 관리 방법이 있다.
162,발육이 늦다,"순조롭게 발육이 일어나지 않고, 표준 체격보다 현저하게 뒤지는 경우가 있다. 조급한 대응이 필요하다. [증례 차트 - 발육이 늦다] 증상 유추할 수 있는 질병 대처 • 자라지 않는다. • 걷는 모습이 이상하다, 후들거린다, 잘 서지 못한다. • 동맥관 개존증 • 폐동맥 협착증 • 심실 중격 결손증 빨리 병원으로 • 기운이 없고 반응이 둔하다. • 설사나 구토를 한다. • 기생충(회충증, 조충증, 편모충증 등) 호흡이 이상하다. • 연구개 과장증 • 기관허탈 • 기관지염 • 홍역 • 켄넬코프 • 관찰 포인트 급여하는 식단이 한쪽으로 치우쳐 있거나 환경이 나쁜 경우가 아님에도 정상적으로 성장하지 않는 것은 질병이 원인이라고 볼 수 있다. 선천적인 심장 이상이나 기생충, 바이러스 감염 등에 의해 몸이 크지 않거나 외부자극에 대한 반응이 둔하거나 호흡이 이상한 등의 증상이 나타난다. 병원에서 검사, 치료를 하도록 한다. 발"
163,개 헤르페스바이러스 감염증,"생후 1주일부터 10일 사이에 발병하고, 새끼의 돌연사에 관련된 바이러스 질환이다. 자견은 모유를 먹지 못하게 되고 구토나 호흡곤란 등을 일으키며 대부분의 경우 발병한 지 1주일 이내에 사망한다. [증상] 무증상으로 헤르페스바이러스를 보유하고 있는 어미에게서 감염된 채 태어나, 발병하면 신장이나 폐, 간장 등의 주요 장기가 괴사되면서 사망한다. 젖은 전혀 먹지 못하고 구토나 설사를 하거나 신경증상 등도 일으킨다. 이 질병은 사망률이 높은 것이 특징으로 최근에는 자견의 쇠약증후군의 주요인으로 여기고 있다. 성견에게서 증상이 나타나는 일은 거의 없지만 바이러스를 계속 보유하고 있기 때문에 다른 개에 대한 감염원이 된다. [원인] 개 헤르페스바이러스는 어미의 태반에서 감염되거나 출산 시 산도에서 감염되는 것으로 추정되고 있다. [치료] 출생 직후 단시간에 사망하는 일이 많기 때문에 치료하기 힘든 질병이다. 한 마리가 발병한 경우에는 동복으로 태어난 다른 개도 감염된..."
164,피부 질환,피부병은 약만 바른다고 낫지 않는다. 개의 피부는 사람보다 얇아서 상처 입기도 쉽고 털로 덮여 있어서 털갈이 시기 등도 있기 때문에 오염물이 묻기 쉽고 피부병에 걸리기도 쉽다. 피부의 구조
165,이빨과 구강 질환,소형 견종은 유전적으로 이빨이나 구강 질병에 걸리기 쉬운 경향이 있다. 평소 입속을 잘 관찰하여 조기에 치료하자. 이빨의 구조
166,녹내장,"안구 속을 채우고 있는 액체(안방수)가 배출되지 못해서 안압이 이상하게 높아지는 질환이다. 시야가 좁아지고 병이 더 진행되면 실명한다. 빛을 쪼이면 눈 속이 녹색으로 보여서 녹내장이라고 한다. [증상] 초기에는 증상이 별로 나타나지 않지만 진행되면 눈이 아파지기 때문에 눈을 비비거나 신경을 쓴다. 동공이 열린 채 있고 각막이 뿌옇게 보인다. 빛에 민감하게 반응하고 기운이나 식욕이 저하되며, 더 심해지면 눈이 튀어나오듯이 커지고 시력이 저하되면서 방치하면 완전히 실명한다. [원인] 안압이 상승하여 시신경을 압박하면서 장애가 발생한다. 유전에 의한 것이 많은데 포도막염이나 종양 등의 질병이 원인인 경우도 있다. [치료] 안압을 내리기 위한 점안약이나 내복약을 사용한다. 안압이 내려가지 않는 경우에는 수술을 한다. 치료를 해도 중증의 녹내장은 완치되지 않는 경우도 많고, 불행하게도 실명한 경우에는 안구를 적출하고 의안을 넣기도 한다."
167,마른다,"여름에 더위나 노화 등으로 마르는 일도 있지만, 갑자기 심하게 말랐을 때에는 질병이 잠복해 있는 경우가 많으므로 주의해야 한다. [증례 차트 - 마른다] 증상 유추할 수 있는 질병 대처 설사나 구토를 동반한다. • 소화기 질병 • 소화관 내 기생충 빨리 병원으로 먹는데도 마른다. • 흡수불량증후군 • 소화관 내 기생충 • 당뇨병 • 부신피질 기능저하증 물을 많이 마시고, 소변양이 증가했다. • 당뇨병 • 부신피질 기능저하증 말랐는데도 배가 불룩하다. • 부신피질 기능저하증 • 소화기 종양 기침을 하고 호흡에 이상이 있다. • 심장사상충증 • 승모판 폐쇄부전 먹지를 못하고 마른다. • 구내염 • 치주 질환 질병이 아닌데 마른다. • 스트레스 • 더위 • 고령 상태를 지켜본다. • 관찰 포인트 갑자기 마를 때에는 소화기나 심장, 신장, 내분비 등의 질병을 의심해볼 수 있다."
168,구내염,"입안의 점막에 생기는 염증을 총칭하여 구내염이라고 한다. 뺨 안쪽이나 혀 아래쪽 등에 잘 발생하고 붓거나 문드러진다. 잇몸에 염증을 일으키는 잇몸염증도 구내염의 일종이다. [증상] 밥을 먹기 힘들어 하고 구취가 난다. 심해지면 식욕이 없어지거나 침을 흘리거나 피가 나기도 한다. 입안이 빨갛게 붓거나 문드러지는 증상을 보인다. [원인] 개는 이물질을 씹는 버릇이 있는데 이빨 사이에 나뭇조각이나 뼛조각 등의 이물이 끼어서 발생한다. 그 밖에 약품이나 화상, 바이러스나 세균 등의 감염, 비타민 부족 등 다양한 원인을 유추할 수 있다. [치료와 간호] 소독제로 씻어주거나 소취제를 발라준다. 비타민제를 투여하기도 한다. 식사는 가능한 부드러운 것을 주고 물은 미지근한 것을 먹게 한다."
169,안검내반·외반,"안검내반은 눈꺼풀과 속눈썹이 안쪽으로 감겨 있는 상태이다. 반대로 아랫눈꺼풀이 뒤집혀 있는 것처럼 바깥쪽으로 말려 있는 것이 안검외반이다. [증상] 내반은 속눈썹이 눈의 표면을 찌르기 때문에 항상 아프고 눈물이 많이 나게 된다. 외반은 결막염이나 유루증의 원인이 되는 경우가 많고 눈곱이 많이 나온다. 개는 눈에 문제가 있는 듯 자꾸 신경 쓰는 행동을 하게 된다. [원인] 선천적인 이상으로 일어나는 경우가 많은 질환인데, 눈 주변의 상처나 질병의 통증 때문에 눈꺼풀이 경련해서 일어나는 경우나 노령으로 안륜근이 약해져서 일어나는 경우 등도 있다. [치료와 간병] 결막염 등의 질환을 병발하는 경우가 많기 때문에 일단 그 질환부터 치료한다. 그 후 속눈썹을 뽑거나 연고를 발라서 대응한다. 내반, 외반 모두 중증인 경우에는 수술로 치료하는 것이 일반적이다."
170,코로나바이러스 감염증,"알코올이나 비누로도 죽는 약한 바이러스지만 전염성이 매우 강하며 특히 새끼가 감염되면 설사나 구토 등이 심한 증상을 보인다. 설사는 길게 가면 3주씩 계속되기도 하고 탈수증상을 일으키기 쉽다. [증상] 성견의 경우 무증상일 수도 있지만 저항력이 약한 자견 등이 걸리면 위장병이 되어 갑자기 구토나 심한 설사를 한다. 설사가 장기간 계속되고 탈수증상을 일으켜 사망에 이르기도 한다. [원인] 병견의 구토물이나 변, 오염된 식기 등에서 개의 입을 통해 감염된다. 전염력이 강하기 때문에 집단 사육하는 견사에서는 단시간에 많은 개가 감염된다. [치료와 간호] 대부분의 경우는 자연적으로 치유되지만, 심한 경우에는 설사나 구토, 탈수증상 등을 완화시키는 치료와 함께 2차 감염을 방지하기 위해서 항생물질을 투여한다. 가정에서는 안정과 보온에 힘쓰고 소화가 잘 되는 저지방 식단을 급여한다. 예방에는 백신접종이 가장 효과적이다."
171,각막염,"홍채와 동공을 보호하고 빛을 통과시키는 눈 앞쪽의 투명한 막으로, 카메라로 말하면 렌즈에 해당하는 각막에 염증이 일어나는 질환이다. 심한 통증이 생기고, 악화되면 각막이 하얗게 흐려지며, 더 깊은 곳에서 궤양이 일어나기도 한다. [증상] 통증 때문에 눈을 슴벅거리거나 눈이 부신 듯이 행동한다. 눈꺼풀이 경련을 일으키거나 눈물이 흘러넘치기도 한다. 눈이 충혈되고 염증이 번지면 각막은 하얗게 흐리게 보이게 되고, 더 악화되면 각막 표면이 올라와 그 부분에 혈관이 생긴다. [원인] 대부분 바이러스나 세균에 감염되거나 눈을 부딪치는 등의 부상 때문에 염증이 발생한다. 눈물의 양이 적은 건조증 등이 원인이 되기도 한다. [치료] 원인에 대응하는 점안약, 연고 등을 사용하고 진통제도 투여한다. 조기치료가 중요하므로 개가 눈을 불편해하는 것 같다면 당장 수의사에게 상담한다."
172,내분비성 피부병,"사람이나 동물의 몸속에서는 다양한 호르몬이 분비되어 몸의 기능을 컨트롤한다. 이 호르몬의 양이 너무 많거나 적으면 몸 전반에 이상이 생겨 피부병을 일으키기도 한다. [증상] 호르몬이 분비되는 위치에 따라 증상이 다양한데 피부에 좌우대칭으로 발생하는 탈모 증상이 특징이다. 부신피질 호르몬이나 성장 호르몬의 이상으로는 동체를 중심으로 넓게 탈모되고, 성호르몬에서는 생식기나 항문 부근의 탈모가 발견된다. 가장 많은 갑상선 호르몬의 이상으로는 동체의 탈모가 많은데, 대형견은 다리털이 빠지는 경우도 있다. 어느 것이든 다른 장기에까지 영향을 미치기 때문에 다양한 증상이 나타난다. [원인] 호르몬 분비량의 과잉이나 부족에 의해서 발생한다. 호르몬이 털의 근원에 있는 모포에 영향을 미치기 때문에 탈모가 일어난다. [치료] 혈액 속의 호르몬 양을 계측할 수 있으므로 그 결과에 따라 호르몬을 보급하거나 너무 많은 경우에는 제어하는 치료를 하며, 대체로 장기간에 걸쳐..."
173,췌염,"췌장의 기능 중 하나는 소화효소를 만드는 것인데, 염증 등의 원인으로 췌액의 작용이 활발해져 췌장 자신까지 소화해버리는 것이 급성 췌염이다. 급성 췌염이 오래 가거나 반복적으로 일어나면 만성 췌염이 된다. 견종 중에는 미니어처 닥스훈트, 요크셔테리어, 미니어처 슈나우저 등에게서 많이 보이는 질병이다. [증상] 식욕부진으로 구토와 설사를 반복한다. 설사는 출혈성인 경우도 있다. 중증인 경우에는 격통 때문에 쇼크 증상을 일으켜 사망에 이르기도 한다. 또 만성 췌염에서는 증상이 크게 나타나기 전에 질병이 진행된다. [원인] 고지방에 치우친 식사를 원인 중 하나로 보고 있다. 또 비만인 개도 쉽게 발병하는 경향이 있다. 그 외에 약물이나 감염, 외상, 바이러스나 기생충 등 많은 원인이 있다. [치료와 예방] 단기간 절식을 시켜 췌장의 기능을 억제한다. 소화효소를 저해하는 약이나 진통제를 투여한다. 회복한 후에는 지방분이 많은 식사는 반드시 피해야 한다. 또 비만이 되지 않도록 주"
174,반려견의 행동 - 가르쳐주세요! 선생님!!,"Q. 개가 짖는 소리에 의미가 있나요? A. 저도 개발에 참여한 개 번역기 '바우링걸'이 이그노벨상을 수상해서 화제가 되었는데, 음향을 조사하면 개의 울음소리는 그때그때의 감정마다 파형이 달라집니다. 예를 들어 먹이를 받아서 기뻐할 때에는 일정한 파형이 돼요. 개는 울음소리로도 주인에게 다양하게 호소하는 만큼 잘 관찰해서 대응해야겠죠. Q. 개도 웃을까요? A. 행동학적으로 다양한 해석이 있는데, 실제로 웃는다는 감정이 있는지 여부는 확실하게 알 수 없지만 간혹 웃는 듯한 개의 표정은 인간을 흉내 내는 것이라는 설이 있습니다. 또 비굴하게 상대에게 복종할 때도 입 끝을 뒤로 당겨 이를 조금 드러내고 마치 웃는 듯한 표정이 되는 경우가 있죠. Q. 개의 표정에 대해 알려주세요! A. 얼굴 중에서도 눈의 움직임 등은 사람과 닮은 점이 있는데 예를 들어 뭔가를 원할 때에는 상대를 지그시 바라보고, 불안함을 느끼면 눈을 슬쩍 피합니다. 하지만 사람은 귀가 움직이지 않으니 알기 힘"
175,안구 탈출,"사고나 싸움 등이 원인이 되어 안구가 눈꺼풀 밖으로 튀어나온 상태이다. 눈의 표면이 건조하거나 화농화되어 조직이 괴사하기도 한다. [증상] 튀어나온 안구에 염증이 생기고 붓는다. 또 탈출 때문에 팽팽하게 당겨져 있기 때문에 눈꺼풀이나 결막이 부어오르기도 한다. 그대로 방치하면 괴사되므로 반드시 치료해야 한다. [원인] 머리나 몸에 강한 충격을 받으면 눈이 튀어나오게 된다. 특히 시추나 퍼그, 불독 등의 단두종은 작은 충격에도 탈출이 일어나는 일이 흔하다. [치료] 증상이 가벼우면 안구를 소독세정하고 냉각시켜 붓기를 가라앉히고 원래대로 되돌린다. 심한 경우에는 눈꺼풀의 일부를 절개하여 집어넣어야 하며 중도의 손상이 있을 때에는 안구를 적출해야 하는 경우도 있다."
176,추간판 헤르니아,"등뼈의 뼈 사이에 있는 추간판은 뼈끼리 부딪치지 않도록 쿠션 역할을 한다. 그 추간판이 튀어나와 신경을 압박하고, 다양한 장애를 일으키는 상태이다. 심해지면 하반신이 마비되는 경우도 있다. 닥스훈트 같은 동체가 긴 견종에게 발생하기 쉽고 견종 불문하고 노화에 의해서도 발생하는 질환이다. [증상] 특히 등줄기를 따라 심한 통증이 있어서 걷는 모습이나 자세가 이상하고, 등을 만지면 아파하며, 안으려고 하면 싫어하기도 한다. 악화되면 하반신이 마비되어 앞다리로만 걷게 되고, 통각도 마비되기 때문에 꼬집어도 반응하지 않는다. 이러한 증상이 나타난 경우에는 중증이어서 적절한 처치를 하지 않으면 평생 걷지 못하게 될 수 있다. [원인] 닥스훈트나 코기처럼 동체가 긴 견종은 등의 부담이 크기 때문에 발생하기 쉬우며, 그 외에 비글, 시추, 페키니즈 등에게서도 흔히 볼 수 있다. 너무 마르거나 비만이거나 노화, 과격한 운동 등이 원인이 되기도 한다. [치료와 예방] 안정을 취하고 평소"
177,저자소개,"[감수자 - 코구레 노리오] 수의학 박사 코구레동물병원 원장 일본 수의사회 이사, 일본 소동물 수의사회 이사, 동물보호심의회 전문위원 등의 공직을 역임. 현재는 사람과 동물의 관계학회, 일불수의학회, 수의동물행동연구회, 페트법학회, (사)동경도가족동물 애호협회, 청도견 보급협회 등 다수의 이사, 감사를 담당하고 있다. NHKBS2 〈펫상담〉 등 미디어에서도 활약 중이며 《애견의 질병 막는다! 발견한다! 치료한다!》 《고양이의 번식과 육아백과》 《우리와 대화를! 바이링걸》 《최신·개 수의사》 등의 저서와 감수서가 있다. [옮김 - 강현정] 한국외국어대학교 졸업. 일본 JCLI 수료 후 삼성물산을 거쳐 출판사에서 책을 만지다가 현재는 번역을 하고 있다. 《내 강아지 오래 살게 하는 50가지 방법》 《내 고양이 오래 살게 하는50가지 방법》 《양손 없는 고양이 치비타의 기적》 《한평 텃밭》 《물리의 완성 1·2·3 역학편·파동편》 《인기 강아지 도감 174》 《인기고양이 도감"
178,사구체신염,"사상체는 신장 내에 얇은 혈관이 모여 털뭉치처럼 된 기관으로 혈액을 여과하는 기능이 있다. 사구체신염은 급성 신부전이나 만성 신부전의 원인 중 하나가 된다. 가벼울 때에는 특별한 증상이 없기 때문에 알아차리지 못하는 경우도 적지 않다. 일반건강진단의 소변검사나 혈액의 생화학적 검사로 발견되는 경우도 있다. [증상] 급성인 경우는 급성 신부전의 증상이, 만성인 경우에는 만성 신부전의 증상이 나타난다. 단 다른 질병에 걸렸을 때 일어나는 경우도 많은데, 이 경우에는 원인이 되는 질병에 따라 증상이 다양하다. [원인] 바이러스 감염이나 기생충, 용혈성 빈혈, 종양, 췌장염 등 다양한 원인에 의해 몸의 면역기구에 이상이 일어나 발병하는 것으로 보인다. 또 유전적으로 걸리기 쉬운 견종도 있는 것으로 보인다. [치료] 원인이 되는 질병이 판명되면, 그 질병을 치료한다. 그와 동시에 신부전을 치료한다."
179,심장과 혈액 관련 질병,심장의 좌심실에서 펌프작용으로 밀려나온 혈액은 동맥에서 모세혈관을 거쳐 정맥으로 이동하여 우심방으로 돌아온다. 심장에 이상이 생기면 온몸의 증상도 나빠진다.
180,치근첨주위농양,"이빨 뿌리 쪽에 심한 염증을 일으키고 고름이 고인 상태이다. 밖에서는 보이지 않기 때문에 증상이 진행되기 전까지는 주인이 좀처럼 알아차리기 어려운 질병이다. [증상] 딱딱한 것을 깨물지 못하거나 심해지면 고름이 고여 얼굴이 부어오르기도 한다. 상부의 어금니가 흔들리게 되고 빠지기도 한다. 치근부의 화농이 번지기 때문에 코에서 피가 나거나 고름이 나기도 한다. [원인] 치주 질환이 심해져서 일어나거나, 이빨이 부러지거나 빠져서 치수가 노출되면 치근 주위가 세균에 감염되면서 일어난다. [치료와 예방] 이빨의 괴사한 부분을 도려내고 약을 채우거나 발치를 한다. 예방으로는 치주 질환이 되지 않도록 이빨 손질을 해야 하고, 딱딱한 것을 장난삼아 씹는 버릇이 있을 때에는 갖고 노는 장난감에 신경 써서 교정시키도록 한다."
181,뇌의 외상,"교통사고나 높은 곳에서의 추락, 싸움 등 외부에서의 충격에 의해 뇌에 손상이 생기는 상황이 발생할 수 있다. 그로 인해 몸에 다양한 신경증상이 발생한다. [증상] 손상된 부위에 따라 증상이 다양하다. 고개를 기울인다, 걷거나 서지를 못한다, 의식이 혼탁하다, 혼수상태가 된다, 경련을 일으킨다, 앞이 보이지 않는다 등의 증상이 발생한다. 뇌압이 이상하게 높아지기도 한다. [원인] 심한 충격에 의한 뇌출혈이나 붓기, 혈행장애, 두개골 골절 등이 원인이 된다. [치료와 간호] 쇼크 상태가 되는 일이 많기 때문에 먼저 수액 등으로 구명처치를 한다. 뇌의 장애를 최대한 적게 하기 위해서 스테로이드제를 투여하고 각종 검사 결과에 따른 치료를 한다. 두부에 손상을 입었을 때에는 안정을 최우선으로 생각하여 의사에게 왕진을 부탁하거나 병원에 데려갈 때에는 두부에 큰 진동을 주지 않도록 조심스럽게 옮긴다."
182,전립선염,"전립선 비대와 마찬가지로 전립선이 커지는 질환으로, 전립선이 세균에 감염되어 염증을 일으킨 상태이다. 중성화 수술을 하지 않은 성견, 노견에게서 많이 보인다. [증상] 급성인 경우와 만성인 경우가 있다. 급성에서는 소변이 잘 나오지 않게 되고, 식욕부진 등의 증상이 나타나고 소변 색이 탁하거나 혈뇨를 보는 일이 있다. 염증이 심하면 통증이 심해지는 경우가 있고, 통증 때문에 걷는 모습이 이상해지거나 등을 둥글게 웅크리는 자세를 취하게 된다. 만성의 경우에는 증상이 가볍고 비대하지도 않지만 세균에 감염되어 있기 때문에 방광염의 원인이 되기도 한다. [원인] 요도로 침입한 대장균이나 포도구균 등의 세균이 전립선에 침입하여 감염되어 일어난다. [치료와 예방] 항생물질이나 항생제를 투여한다. 재발률이 높은 질환이므로 재발을 방지하기 위해 중성화 수술을 하는 경우도 있다."
183,뇌와 신경 질환,뇌는 몸의 사령탑이며 신경은 몸의 구석구석까지 골고루 미치면서 뇌와 함께 모든 기관을 컨트롤한다. 작은 장애가 몸에 큰 영향을 미치는 경우가 적지 않다.
184,'가을'에는 체중관리에 신경 쓴다,[더위를 탔다면 무리하게 하지 않는다] 더운 여름에 체력이 소진되어 쇠약해지는 바람에 질병에 걸리기도 한다. 특히 체력이 없는 개나 고령견에게 많은 만큼 스트레스가 쌓이지 않도록 배려해준다. [체중관리와 체력회복] 서늘해지면 서서히 식욕이 회복된다. 하지만 처음에는 소화능력이 완전히 회복되지 않기 때문에 다량으로 주면 구토나 설사를 일으킬 수도 있다. 한동안 소화가 잘되고 영양밸런스가 좋은 것을 급여하고 상태를 지켜본다. 개가 원하는 대로 식사를 주다 보면 비만이 되기 쉬우므로 주의가 필요하다. 식욕이 회복되는 것을 본 후 여름에 소모되었던 체력도 회복시킨다. 조금씩 운동량을 늘려 겨울에 대비한다. 늦가을이 되면 추위가 심해지고 바이러스성 호흡기 감염증 등이 많아진다. 일찌감치 방한대책을 시작한다. 털갈이 시기이므로 봄과 마찬가지로 빗질과 피모손질에 신경 쓴다. 가을의 건강 관리·체크 포인트 □ 식욕증진에 의한 비만에 주의 □ 충분한 운동으로 여름에...
185,췌외분비부전,췌장에서 소화효소가 충분히 분비되지 않기 때문에 식욕이 왕성한데도 소화불량을 일으키고 영양을 흡수하지 못해 체중이 감소하는 질병이다. [증상] 항상 허겁지겁 많이 먹는데도 불구하고 체중이 늘지 않고 마른다. 악취가 나는 지방성 변을 다량으로 보는 것도 특징이다. 설사도 자주 일으킨다. [원인] 췌염 등의 원인으로 소화효소 분비가 부족하기 때문에 췌장에서 효소를 받아들이는 소장은 영양을 흡수하지 못하게 된다. 최근에는 바이러스 등을 공격하는 면역이 자신의 조직을 공격하게 되는 자기면역질환으로 보고 있다. [치료와 예방] 소화효소를 투여해서 보급하고 비타민 보충제 등으로 영양의 밸런스를 맞춰준다. 항생물질이나 스테로이드제를 처방하는 경우도 있다. 식사는 저지방으로 소화하기 쉬운 것을 조금씩 급여하도록 한다. 개가 과식을 하지 않도록 신경 쓴다.
186,비뇨기 질환,"비뇨기에는 혈액을 여과시켜 노폐물이나 수분을 배출하거나 미네랄 등의 미량 성분을 조절하는 신장, 운반하는 요관, 모아두는 방광, 요도 등의 기관이 있다. 비뇨기의 구조"
187,정소 종양,"정소 종양은 정소(고환)에 생기는 종양으로 정소가 부풀어 오르기도 한다. 양성인 경우가 많은 종양이지만 드물게 다른 부위로 전이하기도 한다. 고령견에게 많이 발병하며, 정유정소인 개의 경우 좀 더 걸리기 쉽다. [증상] 정소가 음낭 안에 있는 경우에는 정소가 부어오르기 때문에 알아차릴 수 있다. 정소가 정상 위치에 없는 정유정소인 개는 복부에 멍울이 생기거나 부어오르기도 한다. 종양이 여성호르몬을 분비시키기 때문에 암컷처럼 유선이 붓거나 배의 털이 빠지는 경우도 있다. [원인] 다른 종양과 마찬가지로 원인은 잘 알려져 있지 않다. 양성이 대부분이다. [치료] 수술로 정소를 적출한다. 정소 종양은 중성화 수술로 예방할 수 있다. 정유정소는 일찌감치 적출하는 것이 좋다."
188,류머티스성 관절염,주로 사지의 말단(발가락) 관절의 연골이 파열되고 주변의 뼈나 인대까지 서서히 파괴되는 질병이다. 원인은 불명이고 심해지면 관절이 붓고 변형된다. [증상] 사지의 말단에 잘 발병하고 관절이 굳어서 다리를 끌게 된다. 끌고 다니는 다리가 매일 다르기 때문에 어디가 아픈지 모를 때도 있다. 발열이나 식욕부진 등의 증상도 나타난다. 증상이 심해지면 관절이나 주변의 붓기가 눈에 띄게 심해지고 변형이 일어나며 만지는 것을 싫어하게 된다. 방치하면 주변 조직까지 파괴된다. [원인] 면역반응이상으로 짐작되지만 확실한 원인은 알려지지 않았다. [치료와 간호] 통증을 완화시키기 위해서 진통제나 항류머티스 약 등을 투여한다. 몸을 따뜻하게 해주는 입욕이나 초음파를 사용한 온열요법을 실시하기도 한다. 과다한 체중을 감량하고 적당한 운동으로 근육을 유지시키도록 한다.
189,전립선 농포,전립선의 조직 사이에 액체가 쌓여 전립선이 상당한 크기가 되어 근처에 있는 장기를 압박하는 상태이다. 그 때문에 다양한 증상이 나타난다. [증상] 장이나 방광을 압박하고 배변이나 배뇨가 곤란해지거나 하복부에 통증이 생기기도 한다. 고인 액체에는 피나 고름이 섞이는 경우도 많아서 혈뇨나 농뇨가 나오게 된다. 배가 커 보이기도 한다. [원인] 전립선 비대나 전립선염에 의해 전립선의 분비액이 배설되지 못하게 되기 때문에 조직 안에 공포가 생겨 분비액에 쌓이게 되어 발생한다. [치료] 중성화 수술을 한다. 전립선의 적출수술이나 농포를 잘라내기도 한다.
190,비글 [Beagle] - 탐험을 좋아하고 붙임성도 좋다. 우호적인 하운드견,"[특징] 야생토끼사냥을 하던 수렵견이 조상. 체구는 작지만 몸이 상당히 단단하고 기민하게 움직인다. 커다랗게 늘어진 귀, 팽팽한 꼬리털, 처진 입모양이 특징. [성격] 주인 이외의 다른 사람에게도 우호적이다. 흥미가 있는 것을 쫓아 단독행동을 하기도 하므로 주의가 필요. 불만이나 스트레스가 있으면 낮은 목소리로 짖기도 한다. [케어 방법] 커뮤니케이션을 많이 하지 않으면 스트레스를 받는다. 훈련을 철저하게 시켜 단독행동을 예방한다. 매일 충분한 운동이 필요하다. 식욕이 왕성하므로 식사량에 신경 쓴다. [걸리기 쉬운 질병] • 추간판 헤르니아 • 고관절 형성부전 • 녹내장 등"
191,농피증,"감염에 의한 피부병 중에서 가장 많이 발생하는 질환이다. 평소라면 몸에 달라붙어도 문제가 없는 세균이, 개의 저항력이나 면역력이 떨어져 있는 경우 증식해서 피부를 화농화한다. 감염의 깊이나 염증이 일어나는 위치는 다양하며 피부가 농화되면 심한 가려움이 발생한다. [증상] 피부가 빨갛게 되고 표면에 우둘투둘한 부스럼이 생기거나 액체나 고름이 고인 수포나 농포가 생기는 경우도 있다. 감염은 피부 표면에서 일어난 경우라고 해도 심한 가려움을 동반하며, 진피 피부층에서 일어났다면 심한 통증과 함께 열이 나기도 한다. 이 경우 심하게 긁거나 핥는 행동을 반복하여 환부가 탈모를 일으키는 경우가 많다. [원인] 감염시키는 것은 주로 포도구균이라고 하는 세균이다. 간단한 소독 정도로 낫는 경우도 많지만, 몸의 저항력이 떨어져 있거나 면역력이 저하되어 있어 케어가 되지 않으면 피부를 화농화시킨다. [치료와 간호] 증상을 보면서 항생물질이나 항균제를 투여하고 세균의 증식을..."
192,유루증,"일반적으로는 비루관을 통해 코로 흘러내려야 하는 눈물이 코로 배출되지 못하고 눈으로 끊임없이 넘쳐나는 상태이다. [증상] 눈물이 계속 흐르기 때문에 눈에서 코를 따라 털이 적갈색으로 변색된다. 눈꺼풀에 염증이 생기는 경우도 있다. [원인] 눈물이 많이 분비되거나 눈자위에 있는 누선에서 코로 이어지는 비루관으로 배출되지 못해서 발생하는 것이다. 선천적으로 누점이나 비루관에 이상이 있는 경우나 각막염이나 결막염의 영향, 안륜근의 기능저하 등 원인은 다양하다. [치료] 다른 질환이 원인이라면 그 병부터 치료한다. 염증인 경우에는 항생물질을 투여한다. 누점이나 누관을 세정하는 경우도 있다."
193,당뇨병,"혈당수치를 내리기 위해서 췌장에서 분비되는 인슐린 호르몬이 부족해서 일어나는 질병이다. 혈액 내의 당이 증가하면 다양한 부조화가 발생하는데, 내버려두면 생명을 앗아가는 질병으로 진행되기도 한다. 수컷에 비해 암컷의 발병률이 높다. [증상] 목이 말라서 물을 자주 많이 마시고 소변양이 증가하는 다음다뇨의 증상이 나타난다. 먹는 양은 증가하지만 인슐린이 부족해서 대사가 나쁘기 때문에 오히려 체중은 감소한다. 증상이 진행되면 백내장이나 당뇨병성 신증 등의 합병증이 발생한다. 방치하면 당뇨병성 케토애시도시스(ketoacidosis) 상태가 되어 탈수나 혼수상태를 일으키고 목숨을 잃기도 한다. [원인] 유전적인 요소도 있지만 비만이 원인이 되는 경우도 흔하다. 스트레스나 발정기 후기에 분비되는 호르몬 관계로 발생하는 경우도 있다. 나이를 먹은 개에게 많이 발병한다. [치료와 예방] 기본적으로 식사요법을 하고 증상이 심한 경우에는 인슐린을 투여한다. 인슐린은..."
194,비염,"코는 공기를 여과하여 습기를 주고 폐로 보낸다. 비염은 외부공기를 들이마실 때 다양한 이물질이 코로 들어가 안의 점막에 염증을 일으키는 질병이다. [증상] 콧물이나 재채기가 나오는 것은 사람과 똑같다. 증상이 심해지면 점성이 강한 콧물이 나오고 간혹 코피가 나기도 한다. 아파서 코를 발로 문지르거나 바닥에 문지른다. 염증이 번지면 콧구멍이 좁아지기 때문에 숨을 쉬기가 괴로워지고 코 위가 부풀어 오르거나 눈곱이 생기기도 한다. [원인] 대부분 바이러스나 세균, 곰팡이의 일종인 진균에 감염되어 일어난다. 겨울에는 공기가 건조해서 다른 때보다 쉽게 감염된다. 들이마신 작은 물질, 또는 이빨의 염증이 악화되어 비강으로 번지는 종양 등이 원인이 된다. 알레르기도 원인 중 하나로 보고 있다. [치료와 간호] 항생물질이나 소염제를 투여한다. 원인이 어금니의 치조농루인 경우에는 그것을 치료해야 한다. 이물질에 의한 비염인 경우에는 세정하거나 제거한다. 가정에서는 냉기에..."
195,부비강염,"비염이 장기화되어 발생하는 만성적인 질환이다. 비염은 콧속의 부비강에 염증이 번지는 것인데, 심해지면 축농증이 될 수도 있다. 비염과 달리 치료해도 잘 낫지 않는 것이 특징이다. [증상] 비염과 마찬가지로 재채기와 콧물이 나온다. 특히 탁한 고름 같은 콧물이 많아지고 호흡이 힘들기 때문에 입을 벌리고 숨을 쉬게 된다. 코 위가 부어 있거나 딱딱하게 부풀어 오르기도 한다. [원인] 비염이 만성화된 경우에 발생하는데, 종양이나 상처가 원인이 되는 경우나 상악의 잇몸이 화농화되어 부비강까지 번지는 경우도 있다. [치료와 간호] 비염과 마찬가지로 소염제나 항생물질을 투여한다. 심한 경우에는 튜브 등을 통해 부비강을 세정하는 방법도 있다. 코나 이빨 등의 염증은 일찌감치 치료하여 만성화하지 않도록 한다. 부비강염"
196,응급처치의 목적과 마음가짐,"주인이 개의 부상을 치료할 수는 없다. 치료는 어디까지나 전문가인 수의사의 몫이다. 주인의 역할은 사고나 부상을 입었을 경우 동물병원에 데려갈 때까지 개의 상태를 악화시키기 않기 위한 '우선적인' 처치를 하는 것이다. 주인이 할 수 있는 최선의 응급처치는 사고 직후 개의 상태를 파악하는 것이다. 동물병원에서 필요한 정보를 정확하게 전달할 수 있는 것만으로도 치료에 큰 도움이 된다는 것을 기억하자. 이를 위한 체크 사항은 다음과 같다. 체크사항 • 몸 전체를 만져보고 이상 유무 확인. • 심호흡이나 호흡의 거친 정도, 소리의 변화. • 심박수나 맥박수가 정상인지. • 쇼크 상태인지 아닌지. • 잇몸이나 혀, 눈 색깔에 이상이 없는지. 반려견을 위한 구급상자 만들기 위급할 때 바로 사용할 수 있도록 개 전용 구급상자를 준비해두자. 체온계의 전지가 끊어졌는지, 가위나 핀셋류에 녹이 슬었는지 정기적으로 확인한다. • 붕대(신축성 있는 것) • 거즈 • 탈지면 • 반창고(대소별 종"
197,기생충,내장이나 혈관 안에 기생충이 정착해서 발생한다. 기생충에게 영양을 빼앗긴 개는 영양상태가 나빠지고 기운이 없어지고 설사나 구토를 일으키게 된다.
198,마라세티아 감염증,"지방을 영양으로 이용하는, 효모균에 속하는 진균 마라세티아에 의해 일어난다. 피부나 귀 속에 증식하여 피부염을 악화시키거나 외이염을 일으킨다. 심한 가려움증을 동반한다. [증상] 마라세티아에 의한 외이염에서는 머리를 흔들거나 귀를 긁는 등 전형적인 외이염 증상을 보인다. 귀지가 대량으로 나오거나 초콜릿색이 되고 신 냄새 같은 것이 난다. 피부에서는 겨드랑이나 다리 안쪽의 겹치는 부위, 발가락 사이, 음부 등에 염증이 일어난다. 빨개지거나 건조해지거나 끈적거리거나 심한 가려움이 나타난다. [원인] 마라세티아는 통상적으로도 피부나 귀에서 보이는 미생물인데, 알레르기나 염증, 지방분이 많은 식사 등으로 피지가 많아지면 과도하게 증식하게 된다. 특히 고온다습하고 귀지 등이 영양분이 되는 귓속은 번식하기 쉬운 장소이다. [치료와 예방] 항진균 약을 투여하거나 바르는 외에 약용샴푸로 세정한다. 피부나 환경을 청결하게 유지한다."
199,수두증,"뇌 속을 채우고 있는 뇌척수가 증가해 뇌를 압박하면서 행동이 이상해지거나 제대로 걷지 못하게 되는 등의 장애를 일으키는 질병이다. 치와와나 요크셔테리어 등의 소형견이나 퍼그, 불독 등의 단두종에게서 많이 발견된다. [증상] 평소처럼 걷지 못하게 되는 등의 운동장애나 의식장애가 발생한다. 일상적인 행동에 이상이 발생하여 동작이 완만해지거나 반대로 쉽게 흥분한다, 난폭해진다, 잠만 잔다, 치매가 보인다 등의 증상이 나타난다. 경련 발작을 일으키기도 한다. [원인] 유전적으로 발병하는 예로는 일반적으로 두부가 크고 두 개의 두정골의 발달이 미숙해서 선문이 완전히 닫혀 있지 않은 예가 많이 접수되고 있다. 뇌척수는 일정량이 뇌의 내부를 순환하고 있는데, 그 흐름이 막혔거나 이상이 많아져서 뇌압이 높아진다. 후천적으로는 바이러스 감염이 원인이 되는 것으로 알려져 있다. [치료] 뇌압강하약을 사용하거나 체내의 수분을 줄이기 위해 이뇨제를 투여한다. 고인 체액을 배출하는..."
200,콕시듐,매우 작은 콕시듐이라는 원충이 장내에 증식하여 장 점막을 손상시킨다. 유견이 걸리면 수용성 설사를 비롯한 심각한 증상을 보인다. [증상] 특히 유견이 걸리기 쉬운데 설사를 반복하고 점액상의 변이나 혈변을 본다. 설사를 하기 때문에 탈수증상이나 빈혈을 일으키며 쇠약하다. 성견이 발병하는 경우는 거의 없다. [원인] 현미경으로밖에 보이지 않는 작은 콕시듐 원충이 경구 감염되어 장세포로 파고들어가 증식하여 점막을 손상시키면서 발생한다. [치료와 예방] 일반적으로 술파제라는 약을 투여하여 치료한다. 탈수나 빈혈이 심한 유견에게는 수액이나 수혈 등이 필요할 수도 있다. 변과 함께 배설된 직후의 미숙한 원충은 감염력이 없기 때문에 변을 빨리 처리하면 재감염을 방지할 수 있다.
201,번식시키는 방법과 임신·출산 - 건강한 새끼를 낳을 수 있는 환경을 만들어주자,번식을 원한다면 출산까지 매끄럽게 진행시키기 위한 예비지식이 필요하다. 상황이 닥쳤을 때 당황하지 않기 위한 번식의 기본을 알아두자.
202,호흡기 질환,"코나 목, 기관, 기관지, 폐 등의 호흡기는 몸 밖에서 산소를 들이마시고 체내의 이산화탄소를 배출하는 기관이다. 기침의 원인은 주로 호흡기의 트러블이므로 주의하자."
203,난소 종양,"발생률은 높지 않지만 양성의 과립막세포종이 가장 많이 발생한다. 고령에 출산 경험이 적은 개에게 주로 발병한다. [증상] 보통 한쪽에만 발생하는 경우가 많고 복부의 촉진으로 발견할 수 있을 정도로 커지기도 한다. 복수가 차서 배가 부어오르기도 한다. [원인] 양성 과립막세포종 외에 선종, 선암, 난포막세포종 등이 있다. 다른 종양과 마찬가지로 유전이나 환경에 의해 일어난다. [치료와 예방] 난소, 자궁의 적출 수술 등을 한다. 전이가 없다면 치료 가능하다. 걱정이 된다면 일찌감치 중성화 수술을 시키면 이 병에 걸리지 않는다."
204,"'겨울'에는 감기, 난방기구 사고에 주의","[엄동기에는 가능한 실내에] 개는 비교적 추위에 강한 편이지만 기침, 콧물 등의 감기 증상이나 심장병 악화 등이 매우 많이 발생하는 시기이다. 실외견의 경우에는 하우스를 해가 잘 드는 곳으로 이동시키고, 잠자리에 담요를 깔아주거나 테이프로 외풍을 막는 등 신경을 쓴다. 실내견은 난방을 끄면 밤에는 상당히 추워지기 때문에 보온성이 있는 매트나 담요를 보충해준다. 장모종은 더워하므로 난방을 너무 하지 않도록 신경 쓴다. 새끼나 고령견은 저항력이 약하므로 특히 주의가 필요하다. 실외견도 엄동기만큼은 실내로 들여놓을 것을 권한다. [화상이나 감전방지에 신경 쓴다] 겨울은 전기담요 등 보온 용품 코드를 깨물다가 감전당하거나 히터에 닿아 화상을 입는 등의 사고도 많은 계절이다. 특히 호기심이 왕성한 새끼가 있는 집은 충분히 주의한다. 코드를 정리해서 엉키지 않도록 고정하거나 펜스를 설치하는 등 사고방지에 힘쓴다. 겨울의 건강 관리·체크 포인트 □ 담요나 보온매트 등으로..."
205,질병 발견 관찰 포인트 - 항상 지켜주고 싶은 반려견을 위해,"평소의 상태와 체크 포인트를 파악해두면 반려견의 이상을 빨리 발견할 수 있다! 따라서 일상적인 관찰은 필수! [얼굴을 본다] 반려견의 표정 변화를 알 수 있는 이는 함께 살고 있는 주인뿐이다. 건강한 얼굴인지 매일 체크하는 것을 잊지 말자. 건강한 얼굴이란? 건강한 얼굴의 판단 기준은 반려견의 상태를 체크하는 중요한 포인트이다. 간식을 들고 반려견을 부를 때 어떤 얼굴인지 확인해보자. 기대감에 차서 눈을 반짝반짝 빛내며 바라본다면 그것이 바로 건강한 얼굴이다. 매일 빼먹지 말고 건강을 체크하자. [눈(eye)] 바람직한 상태 적당히 촉촉하고 반짝이며, 탁하거나 출혈, 눈곱이 생기지 않는다. 눈이 튀어나온 견종, 장모종은 특히 주의. 눈의 이상은 신경질환 증상의 하나일 수도 있다. 이럴 때 주의 • 눈곱이 많다. • 눈물이 흐른다. • 가려워한다. • 출혈이 있거나 탁하다. • 눈꺼풀이 부어 있다. • 눈부셔 한다. • 어딘가에 부딪치면서 걷는다. [코(nose)] 바람직한"
206,관절염,"뼈와 뼈 사이에서 쿠션 역할을 하는 관절연골에 염증이 일어난 상태이다. 체중의 과부하나 운동부족, 나이 등의 이유로 발생한다. 개의 평균수명이 늘어나고 비만인 개가 증가하면서 최근 많이 보이는 질환이다. [증상] 경쾌하게 움직일 수 없게 되고 운동을 싫어하며 기운을 잃는다. 진행되면 통증이 심해지고 환부가 크게 붓거나 움직일 때마다 삐걱거리는 듯한 소리가 나기도 한다. 고관절이나 슬관절에 많이 발병하는 경향이 있다. [원인] 관절에 있는 연골 조직이 손상되어 염증을 일으킨다. 나이를 먹거나 비만 외에 세균감염, 류머티스나 고관절 형성부전 등도 원인이 된다. [치료와 간호] 완전히 치료하기가 어려운 질환이다. 그 때문에 통증을 완화시키고 질병의 진행을 억제하는 것이 치료의 중심이 된다. 진통제나 항염증제, 관절 환부에 효과가 있는 보조제 등을 장기적으로 투여한다. 운동을 제한해야 하며 감량을 하여 비만을 해소할 필요가 있다."
207,"'여름'에는 더위, 장마의 습기대책을","[개는 추위보다 더위에 약하다] 견종에 따라 차이가 있지만 대부분의 개는 더위에 약하고 햇볕이 내리쬐는 한낮에 움직이는 것은 부담이 된다. 산책은 아침저녁의 서늘한 시간대에 끝내고 실내의 온도관리에 신경 쓴다. 부재중일 때에는 에어컨 등으로 실내온도를 28℃ 전후로 설정하고 바깥바람이 들어오도록 창문을 살짝 열어두는 것이 좋다. 실외견은 하우스를 통풍이 잘 되는 그늘로 이동시키는 등 더위 대책을 세운다. [위생관리를 철저하게] 세균이나 곰팡이가 쉽게 발생하는 것도 여름에 특히 주의해야 할 점이다. 음식물도 썩기 쉬운데, 특히 끈적거리는 장마철에는 평소보다 위생관리를 더욱 철저히 해야 한다. 날것은 주지 않도록 하고 먹고 남았거나 흘린 음식물은 바로 치운다. 방치된 음식물을 먹고 설사나 구토, 식중독을 일으킬 수도 있다. 또 급수는 항상 청결한 것을 준비하고 자주 교환해준다. 여름의 건강 관리·체크 포인트 □ 일사병·열사병에 주의. 서늘하고 통풍이 잘되는 환경을...."
208,네프로제 증후군(신장증),"네프로제 증후군은 병명이라기보다 단백뇨나 저알부민혈증, 고콜레스테롤 혈증, 부종(몸이 부어 있는 상태), 복수 등이 보이는 질병을 통틀어 부르는 방법이다. [증상] 몸이나 다리가 붓거나 배에 물이 고이는 복수 등의 증상이 나타난다. 단백뇨가 나오거나 혈액 중의 콜레스테롤이 증가한다. 위험한 요독증으로 이행되는 경우도 적지 않다. [원인] 사구체신염이나 신아미로이드시스라는 질병이 주요 원인이다. 단백질이 소변으로 새어 나와 혈중 단백질이 감소하고 혈관에서 수분이 체내로 새어 부종이 생기거나 복수가 차게 된다. [치료와 간호] 원인이 되는 질병을 치료한다. 부종이 심한 경우에는 이뇨제를 투여한다. 거기에 맞춰 저단백, 저나트륨 식사요법을 실시하는데 단백질은 너무 제한하지 않도록 한다. 신장병용 치료식을 응용하는 것도 좋다."
209,뼈와 관절의 질병,"뼈나 관절의 질병은 사고 같은 부상에 의한 것 외에 유전적인 요인이나 발육환경, 비만 등에 의해서도 발병한다. 부위에 따라서는 개의 생활에 상당한 지장을 준다."
210,후기,"감수자 코구레 노리오 수의학 박사 개 전용 백신이라고는 '광견병 예방약' 밖에 없었던 시절부터 개나 고양이를 진료했던 도시의 수의사 중 한 사람으로서 동물들의 생명의 중요함과 주인들의 뜨거운 마음을 존중하며 50년이 지났습니다. 제가 개업의로 진료를 시작했던 당시 개의 3대 난치병으로는 홍역, 심장사상충증, 모포충증을 꼽을 수 있는데 실제로 이 질병에 걸린 개들의 치료는 고통의 연속이었습니다. 하지만 현재는 홍역 등의 감염증은 백신접종으로 예방할 수 있고, 모기가 매개가 되는 심장사상충증도 매월 1회의 예방약 복용으로 발병에서 거의 완전히 벗어났고 모낭충증도 효과적인 치료가 가능해져 완쾌 가능한 시대가 되었습니다. 이들 난치병 이외에도 영양학의 진보로 구루병 등의 발병도 거의 사라지게 되었고, 피검사로 가려움이나 탈모로 볼 수 있는 난치 피부병이 알레르기나 호르몬의 영향으로 일어난다는 것 등도 진단할 수 있어 치료하기 쉬운 시대가 되었습니다. 이..."
211,횡격막 헤르니아,"횡격막은 흉강과 복강의 경계에 있는 근육질의 막으로, 호흡운동에 중요한 작용을 한다. 사고 등으로 횡격막이 눌리면서 구멍이 뚫려 장기가 가슴 안으로 쏟아지는 질환이 횡격막 헤르니아이다. 원래 식도나 대동맥 등이 통과하는 열공이 있는데, 선천적인 이상으로 열공이 커져서 일어나는 경우도 있다. [증상] 사고 등으로 구멍이 뚫린 경우에는 증상이 가벼우면 운동을 싫어하거나 호흡이 거칠어지는 정도지만, 심한 경우에는 눕는 것을 싫어하고 호흡곤란이 오고 쇼크 상태에 빠지기도 한다. 유전적으로 발생하는 경우에는 새끼 때 구토나 설사, 기침, 빠른 호흡 등의 증상이 나타난다. [원인] 교통사고나 낙하 등에 의해 복부를 크게 강타당한 충격으로 발생한다. 사고 후에야 증상이 나타나기도 한다. 유전적인 원인으로는 횡격막에 구멍이 뚫려 있는 경우와 흉강에 장기가 침입해 있는 경우가 있다. [치료] 증상이 심한 경우에는 신속하게 수술하여 파열부를 개복해야 한다. 개복하지 않는 경우에도..."
212,편모충증,"현미경이 아니면 발견할 수 없는 원충이 장에 기생함으로써 발생한다. 보통은 무증상이지만, 다른 기생충이 있거나 스트레스 등을 받으면 발병한다. 유견이 걸리면 설사를 계속하기 때문에 체중이 줄고 발육불량이 된다. [증상] 물기 있는 설사나 지방분이 많은 노란색 설사가 된다. 펫샵 등 다수 사육되는 장소에서 집단 발생하는 일이 많다. [원인] 오염된 변이나 음식물, 물 등을 통해 원충이 입으로 들어와 소장에 기생하여 설사가 일어난다. [치료와 예방] 구충약을 투여한다. 재감염을 방지하기 위해 변은 바로바로 치우고 소독하듯이 처리한다."
213,정유정소,"수컷의 정소(고환)는 어미의 태내에 있을 때에는 신장 가까이 있다가 출생 시 또는 출생 직후에 음낭으로 정리되는데, 개에 따라서는 정상적으로 내려오지 않고 한쪽 또는 양쪽이 배에 머물러 있는 경우가 있다. 이것을 정유정소라고 한다. 한쪽뿐인 경우에는 생식능력은 있지만, 양쪽 다 머물러 있는 경우에는 새끼를 낳을 수 없다. 유전적인 요소가 있기 때문에 교배를 권하지 않는다. [증상] 이렇다 할 증상은 없지만 내버려두면 정소 종양이 되는 경우에 뱃속에 정소가 있기 때문에 종양이 커질 때까지 알아차리기 어렵다. [원인] 유전에 의한 것으로 보인다. 굳이 따지자면 소형견에게 많이 보인다. [치료] 종양이 발생할 리스크가 높기 때문에 대부분의 경우에는 적출수술을 권한다."
214,회음 헤르니아,"헤르니아란 장기가 본래 있어야 할 곳에서 다른 장소로 튀어나와 있는 상태를 뜻하는데 항문 주변(회음)의 근육 틈에서 직장 등이 튀어나오는 것이 회음 헤르니아이다. 특히 노령의 수컷에게 많이 보이는 질환이다. [증상] 항문 한쪽 또는 양쪽이 크게 부풀어 오른다. 방광을 압박해서 배뇨가 곤란해지거나 튀어나온 직장이 굴곡져 있기 때문에 변의 이동이 부드럽지 않아 변비에 걸린다. [원인] 나이가 들면서 근력이 약해지거나 호르몬의 불균형, 만성 변비, 전립선 비대 등이 원인으로 보인다. [치료와 예방] 수술로 직장을 원래의 위치로 돌려놓고 탈출한 부위의 근육을 꿰맨다. 증상이 가벼우면 식이요법이나 변을 부드럽게 하는 약을 투여한다. 전립선 비대가 원인인 경우에는 중성화 수술을 하면 예방할 수 있다."
215,눈과 귀의 질병,눈은 세균에 감염되거나 다치기 쉬운 곳이다. 또 개의 귀는 사람보다 복잡하게 이루어져 있어 질병이 많은 부위이다. 평소 잘 관찰하면 이상을 빨리 발견할 수 있다.
216,전립선 농양,세균에 감염되어 전립선 안에 고름이 쌓인 상태이다. 전립선염이 원인이 되어 발생하는 경우가 많다. [증상] 소변에 피나 고름이 섞이고 탁하다. 소변이 나오지 않게 되거나 새는 것 외에도 설사나 변비를 일으키거나 열이 나기도 한다. 요로감염증을 집요하게 반복하게 된다. [원인] 전립선염이나 전립선 비대에 요로감염증이 추가되면서 발생하는 것으로 보인다. [치료] 항생물질이나 항균제를 투여하고 중성화 수술을 한다. 개복수술로 고름을 제거하기도 한다.
217,인두염,"기관의 입구가 인두, 소위 목이다. 목에는 성대가 있어 이물질의 침입을 막는다. 코나 입의 염증이 목까지 번지면 인두염이 된다. [증상] 증상이 심하면 기침이 심해지고 목의 통증 때문에 식욕이 없어지기도 한다. 짖으려고 해도 목이 쉬어서 소리가 나오지 않는 경우도 있고, 숨쉬기가 괴로워서 쌔액쌔액 소리를 내기도 한다. [원인] 바이러스나 세균에 의해 발생하는 경우가 많지만 계속 짖다 보니 염증이 발생하는 경우도 종종 있다. 드문 예이기는 하지만 자극성 가스나 열기의 흡입이 원인인 경우도 있다. [치료와 간호] 항생물질이나 소염제를 투여한다. 흡입기로 치료하는 경우도 있다. 가정에서는 환기를 자주 시키고 따뜻하게 해준다."
218,흡수불량증후군,"영양을 흡수하는 소장의 점막에 장애가 생기면서 소장성 설사를 일으키고 영양불량이 되어 점차 체중이 감소한다. 초기에는 식욕도 왕성하고 기운도 있기 때문에 설사 등의 증상이 나타날 때까지 알아차리기가 힘든 질병이다. [증상] 심해질 때까지는 기운도 있고 흡수하지 못하는 영양분을 보충하려고 하기 때문에 오히려 식욕이 왕성하기도 한데, 영양소의 대부분이 배설되기 때문에 변은 평소와 다른 상태가 계속된다. 곧이어 설사를 일으키게 되고 체중이 감소한다. 변이 부드럽고 기름기가 많이 섞여 나온다. [원인] 소장의 점막에 이상이 있는 경우, 위장염이나 종양 등에 의해 점막에 상처가 난 경우, 장림프관의 확장증 등 다양한 원인이 있다. [치료] 원인이 되는 질병이 다양하므로 원인부터 밝혀 치료한다. 식사요법을 중심으로 하고 탈수증상이 심할 때에는 수액을 맞힌다."
219,구충증,자견 등에서는 사망할 수도 있는 매우 심한 증상을 일으키는 기생충이다. 열쇠처럼 생긴 이빨로 소장의 점막을 깨물고 피를 빨아먹기 때문에 다수가 기생하면 심한 빈혈이나 영양불량을 일으킨다. 십이지장충증이라고도 한다. [증상] 통상 1세 이하의 자견에게 발병한다. 설사를 하고 타르 모양의 변이나 혈변을 보기도 한다. 빈혈을 일으키고 심해지면 눈의 결막이나 입의 점막이 하얘지며 통증이 있기 때문에 배를 감싸는 듯한 자세를 취한다. 모유로 감염된 갓 태어난 새끼는 젖을 먹지 못하게 되어 급격히 쇠약해지고 빈혈로 쇼크사를 일으키기도 한다. 증상이 가벼운 경우 설사를 하는 일이 만성적으로 일어나며 건강하지 못한 상태가 된다. [원인] 변과 함께 배설된 알이 부화하여 자충 상태로 음식물이나 식기에 붙어서 코와 입으로 감염된다. 구충의 자충은 흙 속에서 생식하기 때문에 개의 피부나 모공으로 감염되기도 한다. 또 암컷이 감염되면 태반이나 모유를 통해 새끼에게 감염된다. 자충은...
220,"'봄'에는 기온차, 벼룩, 진드기 대책을 신경 써야 한다","[기온변화에 주의] 초봄은 따뜻한가 싶다가도 갑자기 추위가 밀어닥치는 기온 변화가 심한 시기이다. 개는 불안정한 기후나 온도 변화에 약하므로 이 계절에는 감기에 걸리지 않도록 주의해야 한다. 체력에 없는 새끼나 고령견은 특히 신경 써야 한다. [빗질로 청결함 유지] 겨울털에서 여름털로 털갈이를 하는 시기이므로 꼼꼼한 빗질로 죽은 털을 말끔하게 빗어낸다. 온몸이 불결하면 피부병의 원인이 되기도 하는데, 빗질을 해주면 청결한 피부를 유지할 수 있다. 벼룩, 진드기 등의 기생충은 발견 즉시 구제한다. 봄의 건강 관리·체크 포인트 □ 봄은 털갈이 시기이다. 꼼꼼한 빗질로 청결하게. □ 기생충에 감염되기 쉬운 계절이다. 빗질로 조기발견. □ 온도차가 심하므로 감기에 걸리지 않도록 주의. □ 잊지 말고 광견병 예방접종(4월 하순경)을 한다. □ 늦어도 5월부터 심장사상충 예방약을 먹인다. □ 장마에 접어들기 전에 하우스를 대청소한다."
221,조충증,"성충이 오이씨가 연결된 듯한 형태를 하고 있다고 해서 오이조충이라고도 불리는 기생충으로, 길이가 50cm 이상이나 된다. 벼룩이 매개가 되어 감염된다. 항문이 자극을 받기 때문에 개는 엉덩이를 땅에 문지르는 행동을 하게 된다. [증상] 약 1cm 정도의 기생충의 체절이 찢어져 배설되는데 항문 주변에 붙은 채 말라서 부서진다. 이로 인해 항문이 자극을 받기 때문에 엉덩이를 땅에 문지르거나 핥게 된다. 대부분의 경우 증상이 나타나는 일은 별로 없지만, 다수 기생하면 설사나 식욕부진을 보이고 영양불량이 된다. [원인] 항문 주변에 달라붙은 체절은 말라서 부서지면 안의 알이 흩어진다. 벼룩이 알을 먹으면 벼룩의 몸속에서 기생충이 발육한다. 개가 적극적으로 벼룩을 먹지는 않지만 우발적으로 삼켰을 때 감염된다. [치료와 예방] 약이나 주사로 구충하고 영양불량이 됐을 때에는 영양제 등을 투여한다. 중간 숙주가 되는 벼룩을 구제하는 것이 가장 효과적인 예방법이므로 벼룩 구제약이나..."
222,유견의 건강 관리와 케어 - 새로운 환경에 빨리 적응시키자,"몸과 마음이 성장하는 중요한 시기. 새로운 가족의 건강한 성장을 위해서 주인이 해야 할 일은 확인해두자. 반드시 등록을 생후 90일 이상인 개를 기르기 시작했다면 키우는 지역의 시·군·구청에 반려동물 등록을 하는 것이 주인의 의무이다. 내장형 무선식별 장치는 1만원, 외장형 등록인식표는 각각 3,000원이다. 평생 유효하며, 등록이 완료되면 반려 동물등록증이 교부된다. 기생충 체크 태반감염이나 경유감염에 의해 기생충에 감염되는 경우가 있다. 펫샵이나 브리더가 반드시 구충을 했다고 확신할 수 없으므로 길에서 구조했거나 누군가에게서 얻은 개의 경우와 마찬가지로 수의사에게 검변을 받는다. 환경을 정돈 실외에서 키우는 경우에도 생후 4개월경까지는 실내에서 키운다. 반려견을 위한 잠자리를 준비하고, 겨울에는 담요나 보온매트 등을 이용해 체온조절을 도와준다. 삼키면 위험한 물건도 정리한다. 항상 사람이 있다는 안도감을 주는 것도 중요하다."
223,개의 최신의료 - 가르쳐주세요! 선생님!!,"Q. 개도 사람과 똑같이 최신 의료의 혜택을 받을 수 있을까요? A. 완전히 똑같지는 않겠지만 사람에게 하는 최신 의료가 동물에게 응용되는 예도 많이 있습니다. 예를 들어 질병을 진단하기 위해서는 CT나 MRI, 초음파 진단, 내시경 등을 사용하고, 수술시에는 레이저를 쓰는 경우가 증가하고 있습니다. Q. 어디서 받을 수 있나요? A. 수의대학병원이나 시설이 충분한 대형병원 등에서 진료받을 수 있어요. 또 최근에는 치료는 하지 않고 CT나 MRI만 다루는 영상진단센터도 생겨서 수의사들이 진단을 의뢰할 수도 있습니다. Q. CT나 MRI가 뭔가요? A. 둘 다 신체 내부를 단면으로 촬영할 수 있는 영상진단기기입니다. CT는 X선을, MRI는 자기 공명현상을 이용한 것인데, 이 기기들이 진화한 덕분에 뇌나 척추, 장기 등의 이상을 정확히 알 수 있게 되었고 질병 진단에 큰 도움을 줍니다. 진료에 통증이 따르지 않는 건 개에게 좋은 일이지만, 동물은 가만히 있지 못하기 때문에"
224,애나멜질 형성부전,"이빨 표면의 애나멜질이 충분히 발달되지 않아서 이빨이 보호받지 못하고 부러지기 쉽거나 음식물이 이빨을 자극하는 등의 개에게는 비교적 흔히 보이는 질병이다. [증상] 표면의 애나멜질이 얇거나 전혀 없기 때문에 이빨이 갈색이 되어 치구나 치석이 끼기 쉬워진다. 또 애나멜질은 이빨 보호층이기도 하므로 애나멜질이 없으면 강도가 약해서 이빨이 쉽게 부러지게 된다. [원인] 영구치의 애나멜질이 형성되는 생후 1~4개월 무렵에 홍역 등의 감염증, 영양장애, 약물섭취 등으로 인해 충분하게 발달하지 못해서 일어난다. [치료와 간호] 이빨 표면을 매끄럽게 하고 수복재로 수복한다. 표면 특수 코팅으로 보호하기도 한다."
225,흉막염,"흉강 내부를 둘러싸고 있는 흉막에 염증이 생긴 상태이다. 중증이 되면 호흡곤란을 일으키고 사망에 이르기도 하는 질환이다. [증상] 열이 나거나 기침이 나오기도 하고 식욕이 저하되며 기운이 없어진다. 증상이 심해져 가슴 내부에 침출액이 쌓이면 호흡곤란이나, 혀나 입술이 보라색이 되는 청색증이 발생해 생명에 지장을 주기도 한다. [원인] 주로 바이러스나 세균 등의 감염에 의해 일어나는데, 외상이나 종양 등에 의해서도 발생하는 등 원인이 다양하다. [치료와 간호] 침출액이 쌓여 있을 때에는 바늘로 흉강로 찔러 흡인해서 배출시킨다. 그 외의 감염증이라면 항생물질을 투여하는 등 원인을 치료한다."
226,브루셀라증,"개의 유산은 흔히 있는 일은 아니지만 암컷이 브루셀라증에 걸리면 임신 후기에 사산, 유산을 하고 불임의 원인이 되기도 한다. 사람에게도 감염되므로 주의가 필요하다. [증상] 감염되어도 생식기 이외에는 거의 증상이 나타나지 않는다. 수컷의 경우에는 정소(고환)가 붓거나 위축되고 정상적인 정자를 생산하지 못하여 불임의 원인이 된다. 암컷이 감염된 경우에는 사산, 유산에 이른다. 또한 며칠에서 몇 주에 걸쳐 녹색을 띤 분비물이 계속 나온다. [원인] 호흡기, 소화기, 생식기 등의 점막에 브루셀라속의 세균이 감염된다. 주로 교배에 의해 발생하는데 개가 많이 모여 있는 곳에서도 감염되기 쉬운 질병이다. [치료] 효과적인 치료법은 없고 항생물질을 장기간 투여한다. 완전히 치유되지 않는 한 유산을 반복한다. 사람에게 감염되므로 유산한 경우에는 혈액이나 태아, 분비물을 만지지 않도록 주의한다."
227,실외 안전 확인맵 - 실내보다 위험이 가득!?,"실외에서 개를 키우는 경우에는 어디에 신경을 써야 할까? 주변에 있는 위험 포인트를 확인해보자. 실내사육 쪽이 안심 실외에서 개를 키우는 경우는 실내사육에 비해 방지하기 어려운 위험이 많다. 또 여름의 무더위, 겨울의 혹한기에 외부에서 지내는 것은 개의 몸에도 큰 부담이 된다. 마당에 내놓는 것은 기분전환이나 일광욕을 하는 정도로 하고, 주인의 눈길이 닿는 실내에서 키울 것을 권장한다. 땅파기 지루할 때나 여름의 더위를 피하기 위해 땅을 파는 등 놀이의 개념도 있지만 스트레스에 의한 행동일 경우도 있으므로 평소 충분히 커뮤니케이션을 잊지 말자. 화초 사람에게는 아름다운 관상용 화초 중에는 개가 먹으면 중독증상을 일으키는 종류가 있다. 제초제나 살충제 등도 개에게 위험하다. 핥지 않도록 주의가 필요하다. 햇볕 한여름에는 직사광선이 닿지 않는 서늘한 곳에, 한겨울에는 해가 잘 드는 따뜻한 곳에 하우스를 옮겨준다. 계절에 따라 집의 위치나 방향을 바꿔주는 것이 가장..."
